,epoch,load.txt.data.x,load.txt.data.y,load.txt.data.z
30838,2015-06-15 10:38:11.957,0.04084778,9.813126,-1.3704529
30839,2015-06-15 10:38:11.976,0.07060242,9.860733,-1.4013977
30840,2015-06-15 10:38:11.996,0.15153503,9.957138,-1.4061584
30841,2015-06-15 10:38:12.016,0.089645386,9.890488,-1.3894958
30842,2015-06-15 10:38:12.036,0.055130005,9.855972,-1.3847351
30843,2015-06-15 10:38:12.055,0.10392761,9.833359,-1.4061584
30844,2015-06-15 10:38:12.075,0.13725281,9.770279,-1.4704285
30845,2015-06-15 10:38:12.095,0.19200134,9.826218,-1.5132751
30846,2015-06-15 10:38:12.115,0.19676208,9.814316,-1.4668579
30847,2015-06-15 10:38:12.134,0.1872406,9.739334,-1.4561462
30848,2015-06-15 10:38:12.154,0.16581726,9.766708,-1.4835205
30849,2015-06-15 10:38:12.174,0.16819763,9.803604,-1.4656677
30850,2015-06-15 10:38:12.194,0.15510559,9.813126,-1.5001831
30851,2015-06-15 10:38:12.213,0.15748596,9.782181,-1.4954224
30852,2015-06-15 10:38:12.233,0.11225891,9.789322,-1.5311279
30853,2015-06-15 10:38:12.253,0.15867615,9.8059845,-1.4751892
30854,2015-06-15 10:38:12.273,0.138443,9.814316,-1.4561462
30855,2015-06-15 10:38:12.293,0.2039032,9.819077,-1.377594
30856,2015-06-15 10:38:12.313,0.19200134,9.820267,-1.3716431
30857,2015-06-15 10:38:12.332,0.23841858,9.7548065,-1.3799744
30858,2015-06-15 10:38:12.352,0.32411194,9.676254,-1.4454346
30859,2015-06-15 10:38:12.372,0.38957214,9.636978,-1.4978027
30860,2015-06-15 10:38:12.392,0.4252777,9.636978,-1.5216064
30861,2015-06-15 10:38:12.413,0.4264679,9.590561,-1.4144897
30862,2015-06-15 10:38:12.433,0.29911804,9.576279,-1.307373
30863,2015-06-15 10:38:12.451,0.24913025,9.744095,-1.2907104
30864,2015-06-15 10:38:12.471,0.28007507,9.980942,-1.4620972
30865,2015-06-15 10:38:12.492,0.27293396,9.954758,-1.3335571
30866,2015-06-15 10:38:12.512,0.24198914,9.976181,-1.3609314
30867,2015-06-15 10:38:12.532,0.16105652,10.094009,-1.6763306
30868,2015-06-15 10:38:12.551,0.1955719,10.078537,-2.0048218
30869,2015-06-15 10:38:12.571,0.3110199,9.963089,-2.0095825
30870,2015-06-15 10:38:12.591,0.43241882,9.916672,-1.8977051
30871,2015-06-15 10:38:12.611,0.6490326,9.938095,-1.9917297
30872,2015-06-15 10:38:12.631,0.74424744,9.96785,-1.8917542
30873,2015-06-15 10:38:12.651,0.7073517,10.315384,-1.7167969
30874,2015-06-15 10:38:12.671,0.43122864,10.796219,-2.0048218
30875,2015-06-15 10:38:12.690,0.3443451,10.773605,-2.0179138
30876,2015-06-15 10:38:12.710,0.43717957,10.74028,-1.9191284
30877,2015-06-15 10:38:12.730,0.433609,10.581985,-1.903656
30878,2015-06-15 10:38:12.750,0.49073792,10.422501,-1.8143921
30879,2015-06-15 10:38:12.769,0.50382996,10.191605,-1.7917786
30880,2015-06-15 10:38:12.789,0.6549835,9.946426,-1.710846
30881,2015-06-15 10:38:12.809,0.5681,9.696487,-1.4371033
30882,2015-06-15 10:38:12.828,0.44908142,9.559616,-1.3180847
30883,2015-06-15 10:38:12.848,0.36457825,9.401321,-1.3299866
30884,2015-06-15 10:38:12.868,0.3848114,9.296585,-1.3168945
30885,2015-06-15 10:38:12.888,0.31697083,9.124008,-1.1645508
30886,2015-06-15 10:38:12.908,0.23484802,8.907394,-1.1705017
30887,2015-06-15 10:38:12.927,0.30030823,8.856216,-1.146698
30888,2015-06-15 10:38:12.947,0.4669342,8.925247,-1.0336304
30889,2015-06-15 10:38:12.967,0.48835754,8.894302,-0.8919983
30890,2015-06-15 10:38:12.987,0.5228729,9.033554,-0.7598877
30891,2015-06-15 10:38:13.007,0.57048035,9.398941,-0.7110901
30892,2015-06-15 10:38:13.026,0.39076233,9.494156,-0.73727417
30893,2015-06-15 10:38:13.046,0.34077454,9.2799225,-0.883667
30894,2015-06-15 10:38:13.066,0.5157318,9.125198,-0.7194214
30895,2015-06-15 10:38:13.086,0.5145416,9.131149,-0.5623169
30896,2015-06-15 10:38:13.107,0.35862732,9.037125,-0.50042725
30897,2015-06-15 10:38:13.127,0.13606262,9.20018,-0.8098755
30898,2015-06-15 10:38:13.147,-0.43403625,10.35466,-2.7236938
30899,2015-06-15 10:38:13.165,-1.4385529,11.596024,-4.1840515
30900,2015-06-15 10:38:13.186,-0.86250305,10.148758,-4.0697937
30901,2015-06-15 10:38:13.206,0.089645386,8.6884,-3.6758423
30902,2015-06-15 10:38:13.226,0.5431061,9.045456,-3.3628235
30903,2015-06-15 10:38:13.246,-0.17219543,9.782181,-3.0426636
30904,2015-06-15 10:38:13.266,-0.32096863,10.461777,-3.0033875
30905,2015-06-15 10:38:13.285,0.042037964,11.591263,-3.366394
30906,2015-06-15 10:38:13.305,-0.17814636,12.036392,-3.4723206
30907,2015-06-15 10:38:13.325,-0.7411041,11.261581,-3.4389954
30908,2015-06-15 10:38:13.345,-0.1424408,10.956894,-3.346161
30909,2015-06-15 10:38:13.365,0.23603821,10.8450165,-3.0795593
30910,2015-06-15 10:38:13.384,0.07298279,10.524857,-3.02005
30911,2015-06-15 10:38:13.404,-0.23527527,10.094009,-2.916504
30912,2015-06-15 10:38:13.424,-0.43165588,9.577469,-2.872467
30913,2015-06-15 10:38:13.444,-0.35786438,9.226364,-2.5939636
30914,2015-06-15 10:38:13.463,-0.40190125,9.066879,-2.5761108
30915,2015-06-15 10:38:13.483,-0.35429382,8.946671,-2.4332886
30916,2015-06-15 10:38:13.503,-0.34953308,8.769333,-2.263092
30917,2015-06-15 10:38:13.523,-0.49235535,8.718155,-1.9143677
30918,2015-06-15 10:38:13.542,-0.5459137,8.75029,-1.8822327
30919,2015-06-15 10:38:13.562,-0.75538635,8.728867,-1.5501709
30920,2015-06-15 10:38:13.582,-0.8351288,8.497971,-1.2359619
30921,2015-06-15 10:38:13.602,-1.0695953,8.055222,-0.9467468
30922,2015-06-15 10:38:13.621,-1.2076569,7.442276,-1.0360107
30923,2015-06-15 10:38:13.641,-0.7351532,6.6043854,-0.47543335
30924,2015-06-15 10:38:13.661,-0.2245636,6.3473053,-0.1505127
30925,2015-06-15 10:38:13.681,-0.04008484,7.357773,-0.6682434
30926,2015-06-15 10:38:13.701,0.9549103,10.956894,-2.5761108
30927,2015-06-15 10:38:13.721,2.5330963,14.146591,-4.9267273
30928,2015-06-15 10:38:13.740,0.06465149,9.996414,-2.9891052
30929,2015-06-15 10:38:13.760,-0.55900574,8.969284,-0.87176514
30930,2015-06-15 10:38:13.780,0.96681213,10.387985,-1.3061829
30931,2015-06-15 10:38:13.801,1.9832306,11.82692,-1.5501709
30932,2015-06-15 10:38:13.821,1.6963959,11.653152,-2.647522
30933,2015-06-15 10:38:13.839,1.1822357,11.044968,-3.0248108
30934,2015-06-15 10:38:13.859,0.8727875,11.077103,-2.9926758
30935,2015-06-15 10:38:13.880,0.946579,11.109238,-3.0736084
30936,2015-06-15 10:38:13.900,1.0965424,10.904526,-2.8938904
30937,2015-06-15 10:38:13.920,1.0953522,10.948563,-2.7165527
30938,2015-06-15 10:38:13.940,0.97395325,11.18779,-2.518982
30939,2015-06-15 10:38:13.960,0.40742493,11.284195,-2.3952026
30940,2015-06-15 10:38:13.979,0.2205658,10.946182,-2.192871
30941,2015-06-15 10:38:13.999,0.51097107,10.540329,-2.1869202
30942,2015-06-15 10:38:14.019,0.6573639,10.258255,-2.2785645
30943,2015-06-15 10:38:14.039,0.600235,9.934525,-2.1833496
30944,2015-06-15 10:38:14.059,0.6395111,9.435837,-2.0274353
30945,2015-06-15 10:38:14.078,0.6549835,8.975235,-1.8179626
30946,2015-06-15 10:38:14.098,0.48835754,8.668167,-1.4585266
30947,2015-06-15 10:38:14.118,0.40623474,8.318253,-1.2978516
30948,2015-06-15 10:38:14.138,0.36576843,8.140915,-0.684906
30949,2015-06-15 10:38:14.157,0.5895233,8.221848,-0.82177734
30950,2015-06-15 10:38:14.177,0.8477936,8.30159,-1.0264893
30951,2015-06-15 10:38:14.197,0.82518005,8.186142,-1.0967102
30952,2015-06-15 10:38:14.217,0.85731506,7.994522,-0.8027344
30953,2015-06-15 10:38:14.236,0.6561737,7.8231354,-0.77059937
30954,2015-06-15 10:38:14.256,0.60261536,7.743393,-0.4147339
30955,2015-06-15 10:38:14.276,0.55262756,7.806473,-0.3647461
30956,2015-06-15 10:38:14.296,0.9846649,7.929062,-0.27072144
30957,2015-06-15 10:38:14.316,1.5702362,8.188522,-0.23501587
30958,2015-06-15 10:38:14.335,1.8273163,8.399185,-0.6218262
30959,2015-06-15 10:38:14.355,1.5785675,8.42775,-0.38378906
30960,2015-06-15 10:38:14.375,1.1596222,8.436081,-0.05291748
30961,2015-06-15 10:38:14.395,0.8025665,8.540817,-0.8348694
30962,2015-06-15 10:38:14.415,-2.312149,11.487717,-4.147156
30963,2015-06-15 10:38:14.434,-6.699173,16.862595,-6.73938
30964,2015-06-15 10:38:14.454,-7.090744,10.759323,-7.605835
30965,2015-06-15 10:38:14.474,1.6761627,9.949997,0.29223633
30966,2015-06-15 10:38:14.494,4.411209,14.104935,-1.903656
30967,2015-06-15 10:38:14.515,2.8282623,14.677414,-2.3940125
30968,2015-06-15 10:38:14.535,-0.60661316,12.951645,-3.2616577
30969,2015-06-15 10:38:14.553,-2.011032,12.347031,-4.1566772
30970,2015-06-15 10:38:14.573,-0.10316467,11.167557,-3.5234985
30971,2015-06-15 10:38:14.594,0.32292175,9.544144,-2.6296692
30972,2015-06-15 10:38:14.614,0.89302063,8.840744,-3.0593262
30973,2015-06-15 10:38:14.634,1.2084198,9.276352,-3.5092163
30974,2015-06-15 10:38:14.653,-0.41261292,8.412277,-2.7962952
30975,2015-06-15 10:38:14.673,-1.0862579,7.879074,-2.7070313
30976,2015-06-15 10:38:14.693,-0.9636688,8.406326,-2.8391418
30977,2015-06-15 10:38:14.713,-0.65541077,8.628891,-2.4951782
30978,2015-06-15 10:38:14.733,-0.27098083,8.614609,-2.654663
30979,2015-06-15 10:38:14.753,-0.63279724,8.681259,-2.5653992
30980,2015-06-15 10:38:14.773,-1.0862579,8.584854,-2.1714478
30981,2015-06-15 10:38:14.792,-1.0624542,9.120438,-2.064331
30982,2015-06-15 10:38:14.812,-0.80418396,9.827408,-1.6668091
30983,2015-06-15 10:38:14.832,-0.7577667,10.217789,-1.5632629
30984,2015-06-15 10:38:14.851,-0.76490784,10.293961,-1.5358887
30985,2015-06-15 10:38:14.871,-1.002945,10.347519,-1.4501953
30986,2015-06-15 10:38:14.891,-1.1195831,10.424881,-1.3204651
30987,2015-06-15 10:38:14.911,-0.9993744,10.246353,-1.5585022
30988,2015-06-15 10:38:14.930,-0.8482208,9.935715,-1.7382202
30989,2015-06-15 10:38:14.950,-0.7494354,9.482254,-1.9691162
30990,2015-06-15 10:38:14.970,-0.7696686,8.913345,-1.8048706
30991,2015-06-15 10:38:14.990,-0.85536194,8.196854,-1.4656677
30992,2015-06-15 10:38:15.009,-1.0886383,7.5220184,-0.7765503
30993,2015-06-15 10:38:15.029,-0.77085876,7.372055,-0.27786255
30994,2015-06-15 10:38:15.049,0.401474,8.607468,-2.211914
30995,2015-06-15 10:38:15.069,1.8999176,9.8892975,-4.263794
30996,2015-06-15 10:38:15.089,2.178421,9.277542,-4.072174
30997,2015-06-15 10:38:15.109,1.5714264,8.611038,-4.098358
30998,2015-06-15 10:38:15.130,0.67878723,8.988327,-3.53302
30999,2015-06-15 10:38:15.148,0.26698303,10.393936,-2.603485
31000,2015-06-15 10:38:15.168,0.42408752,11.423447,-2.077423
31001,2015-06-15 10:38:15.188,0.72758484,11.870956,-1.8917542
31002,2015-06-15 10:38:15.209,0.82637024,11.868576,-1.8155823
31003,2015-06-15 10:38:15.229,0.6252289,12.203018,-1.8191528
31004,2015-06-15 10:38:15.247,0.32411194,12.028061,-1.8132019
31005,2015-06-15 10:38:15.267,0.30387878,11.455582,-1.9619751
31006,2015-06-15 10:38:15.288,0.36576843,10.999741,-1.9988708
31007,2015-06-15 10:38:15.308,0.7216339,10.717667,-1.967926
31008,2015-06-15 10:38:15.328,1.1786652,10.471298,-2.12146
31009,2015-06-15 10:38:15.348,1.3690948,9.986893,-2.255951
31010,2015-06-15 10:38:15.367,1.1429596,9.304916,-2.1012268
31011,2015-06-15 10:38:15.387,0.7978058,8.655075,-1.9976807
31012,2015-06-15 10:38:15.407,0.67640686,8.067123,-1.7548828
31013,2015-06-15 10:38:15.427,0.46217346,7.646988,-1.4371033
31014,2015-06-15 10:38:15.447,0.48716736,7.5220184,-1.0990906
31015,2015-06-15 10:38:15.466,0.6633148,7.667221,-0.95269775
31016,2015-06-15 10:38:15.486,0.7882843,7.7779083,-0.83010864
31017,2015-06-15 10:38:15.506,0.75852966,7.8933563,-0.96817017
31018,2015-06-15 10:38:15.526,0.60975647,7.9147797,-0.98483276
31019,2015-06-15 10:38:15.546,0.19914246,7.814804,-0.5539856
31020,2015-06-15 10:38:15.565,0.18128967,7.9909515,0.08514404
31021,2015-06-15 10:38:15.585,0.3860016,8.55748,0.3945923
31022,2015-06-15 10:38:15.605,0.61927795,9.210892,0.49694824
31023,2015-06-15 10:38:15.625,0.74305725,9.681015,-0.09338379
31024,2015-06-15 10:38:15.644,-0.45783997,11.016403,-1.922699
31025,2015-06-15 10:38:15.664,-6.687271,15.29631,-7.3404236
31026,2015-06-15 10:38:15.684,-4.869858,8.569382,-4.211426
31027,2015-06-15 10:38:15.703,1.107254,8.102829,1.0289612
31028,2015-06-15 10:38:15.723,3.9529877,12.103043,-0.3968811
31029,2015-06-15 10:38:15.743,1.9772797,13.991867,-1.9024658
31030,2015-06-15 10:38:15.763,-1.375473,12.373215,-3.487793
31031,2015-06-15 10:38:15.783,-2.0598297,11.229446,-4.1769104
31032,2015-06-15 10:38:15.803,-0.8648834,11.330612,-4.3363953
31033,2015-06-15 10:38:15.822,-0.27574158,11.5186615,-3.7912903
31034,2015-06-15 10:38:15.842,0.2872162,11.63768,-3.5960999
31035,2015-06-15 10:38:15.862,0.21818542,11.491287,-3.3104553
31036,2015-06-15 10:38:15.882,-0.51615906,10.490341,-3.0176697
31037,2015-06-15 10:38:15.903,-0.5804291,9.821457,-2.7843933
31038,2015-06-15 10:38:15.921,-0.355484,9.681015,-2.5213623
31039,2015-06-15 10:38:15.943,-0.5149689,9.082352,-2.2142944
31040,2015-06-15 10:38:15.961,-0.75657654,8.730057,-2.076233
31041,2015-06-15 10:38:15.982,-1.061264,8.250412,-1.9155579
31042,2015-06-15 10:38:16.002,-1.3028717,7.8564606,-1.7941589
31043,2015-06-15 10:38:16.022,-1.1338654,7.7933807,-1.5775452
31044,2015-06-15 10:38:16.042,-0.80537415,7.8624115,-1.3347473
31045,2015-06-15 10:38:16.061,-0.89701843,7.9778595,-1.3109436
31046,2015-06-15 10:38:16.081,-1.1540985,8.11116,-1.4180603
31047,2015-06-15 10:38:16.101,-0.8589325,8.002853,-1.243103
31048,2015-06-15 10:38:16.121,-0.49354553,7.9957123,-1.1907349
31049,2015-06-15 10:38:16.141,-0.20195007,7.719589,-0.4885254
31050,2015-06-15 10:38:16.161,-0.2412262,7.364914,-0.4135437
31051,2015-06-15 10:38:16.180,-0.77085876,7.840988,0.25177002
31052,2015-06-15 10:38:16.200,-0.23884583,10.502243,-0.69680786
31053,2015-06-15 10:38:16.220,3.242447,15.361771,-5.694397
31054,2015-06-15 10:38:16.240,1.0501251,10.855728,-4.11145
31055,2015-06-15 10:38:16.259,-1.0207977,7.705307,0.09347534
31056,2015-06-15 10:38:16.279,-0.49830627,8.36348,-0.70632935
31057,2015-06-15 10:38:16.299,1.3143463,10.758133,-1.3371277
31058,2015-06-15 10:38:16.319,2.3402863,12.260147,-3.3616333
31059,2015-06-15 10:38:16.338,2.1498566,11.835251,-3.988861
31060,2015-06-15 10:38:16.358,1.14534,10.41655,-3.2366638
31061,2015-06-15 10:38:16.378,0.22294617,10.499863,-2.8569946
31062,2015-06-15 10:38:16.398,0.42170715,11.427017,-2.8677063
31063,2015-06-15 10:38:16.417,0.7549591,11.609116,-2.9724426
31064,2015-06-15 10:38:16.437,0.8894501,11.862625,-3.058136
31065,2015-06-15 10:38:16.457,0.9132538,11.678146,-2.8807983
31066,2015-06-15 10:38:16.477,0.7882843,11.1866,-2.6189575
31067,2015-06-15 10:38:16.497,0.84184265,10.687912,-2.539215
31068,2015-06-15 10:38:16.516,0.9049225,10.2356415,-2.520172
31069,2015-06-15 10:38:16.536,0.8811188,9.4917755,-2.3761597
31070,2015-06-15 10:38:16.556,0.7133026,8.719345,-2.1500244
31071,2015-06-15 10:38:16.576,0.31578064,8.0611725,-1.7179871
31072,2015-06-15 10:38:16.596,-0.03413391,7.5303497,-1.2799988
31073,2015-06-15 10:38:16.617,-0.013900757,7.3113556,-0.99435425
31074,2015-06-15 10:38:16.635,-0.073410034,7.1173553,-0.9634094
31075,2015-06-15 10:38:16.655,-0.097213745,7.153061,-0.9241333
31076,2015-06-15 10:38:16.676,0.09321594,7.575577,-0.9812622
31077,2015-06-15 10:38:16.696,0.38362122,7.9909515,-1.1609802
31078,2015-06-15 10:38:16.716,0.62879944,8.067123,-1.178833
31079,2015-06-15 10:38:16.736,0.76686096,8.155197,-1.0026855
31080,2015-06-15 10:38:16.755,0.5157318,8.442032,-0.83724976
31081,2015-06-15 10:38:16.775,0.36219788,9.056168,-0.36593628
31082,2015-06-15 10:38:16.795,0.4514618,9.552475,0.036346436
31083,2015-06-15 10:38:16.815,0.76805115,9.854782,0.33746338
31084,2015-06-15 10:38:16.835,0.93943787,9.477493,-0.16955566
31085,2015-06-15 10:38:16.855,0.8858795,8.756241,-0.036254883
31086,2015-06-15 10:38:16.874,0.39671326,8.177811,0.22677612
31087,2015-06-15 10:38:16.894,-0.90296936,10.705765,-1.7727356
31088,2015-06-15 10:38:16.914,-9.271164,19.992783,-11.469177
31089,2015-06-15 10:38:16.934,-3.8462982,7.2066193,-8.192596
31090,2015-06-15 10:38:16.953,2.8734894,7.416092,-0.4801941
31091,2015-06-15 10:38:16.973,5.462143,11.805496,-1.9536438
31092,2015-06-15 10:38:16.993,1.9653778,13.315842,-3.7615356
31093,2015-06-15 10:38:17.013,-2.8072662,12.270859,-5.0612183
31094,2015-06-15 10:38:17.032,-3.9403229,11.825729,-5.6801147
31095,2015-06-15 10:38:17.052,-0.32453918,11.522232,-4.94458
31096,2015-06-15 10:38:17.072,0.0967865,11.113998,-3.9293518
31097,2015-06-15 10:38:17.092,-0.3304901,10.756943,-3.7151184
31098,2015-06-15 10:38:17.111,-0.07460022,10.621262,-3.6639404
31099,2015-06-15 10:38:17.131,-0.025802612,10.302292,-3.5032654
31100,2015-06-15 10:38:17.151,-0.3638153,9.97142,-2.8224792
31101,2015-06-15 10:38:17.171,-0.8589325,9.297775,-2.5951538
31102,2015-06-15 10:38:17.191,-0.70777893,9.00737,-2.4904175
31103,2015-06-15 10:38:17.211,-0.9077301,8.526535,-2.0524292
31104,2015-06-15 10:38:17.230,-0.7994232,8.04332,-1.8453369
31105,2015-06-15 10:38:17.250,-0.6958771,7.986191,-1.742981
31106,2015-06-15 10:38:17.270,-0.8910675,8.081406,-1.8429565
31107,2015-06-15 10:38:17.290,-0.8755951,8.293259,-1.8762817
31108,2015-06-15 10:38:17.311,-0.3804779,8.405136,-1.9893494
31109,2015-06-15 10:38:17.329,-0.41023254,8.271835,-1.8322449
31110,2015-06-15 10:38:17.349,-0.7768097,8.282547,-1.5204163
31111,2015-06-15 10:38:17.369,-1.2969208,8.275406,-0.9015198
31112,2015-06-15 10:38:17.390,-1.2457428,8.181381,-0.95269775
31113,2015-06-15 10:38:17.410,-1.6956329,7.737442,-0.5063782
31114,2015-06-15 10:38:17.430,-1.1195831,8.214706,-0.35879517
31115,2015-06-15 10:38:17.448,0.5847626,9.910721,-0.6289673
31116,2015-06-15 10:38:17.469,1.9165802,11.984024,-1.6108704
31117,2015-06-15 10:38:17.489,2.1355743,11.296097,-3.1259766
31118,2015-06-15 10:38:17.509,1.4071808,8.713394,-2.532074
31119,2015-06-15 10:38:17.529,1.7725677,8.487259,-2.6772766
31120,2015-06-15 10:38:17.549,2.242691,9.335861,-2.7843933
31121,2015-06-15 10:38:17.568,2.3117218,10.054733,-2.8950806
31122,2015-06-15 10:38:17.588,2.68544,10.899765,-2.5118408
31123,2015-06-15 10:38:17.608,2.5973663,11.448441,-2.6260986
31124,2015-06-15 10:38:17.628,1.8023224,11.647202,-2.8903198
31125,2015-06-15 10:38:17.648,0.600235,12.075668,-2.9533997
31126,2015-06-15 10:38:17.667,-0.03175354,12.430344,-2.6499023
31127,2015-06-15 10:38:17.687,0.16581726,11.954269,-2.2833252
31128,2015-06-15 10:38:17.707,0.48835754,11.748367,-2.1452637
31129,2015-06-15 10:38:17.726,0.6407013,11.386551,-2.1226501
31130,2015-06-15 10:38:17.746,0.51930237,10.659348,-1.8477173
31131,2015-06-15 10:38:17.766,0.49668884,9.686966,-1.4918518
31132,2015-06-15 10:38:17.786,0.46455383,8.721725,-1.4204407
31133,2015-06-15 10:38:17.805,0.37052917,7.954056,-0.6611023
31134,2015-06-15 10:38:17.825,0.1051178,7.639847,-0.08148193
31135,2015-06-15 10:38:17.845,0.00038146973,7.3803864,0.08514404
31136,2015-06-15 10:38:17.865,-0.06864929,6.82695,0.10775757
31137,2015-06-15 10:38:17.885,-0.1091156,6.552017,0.26486206
31138,2015-06-15 10:38:17.904,-0.04246521,6.63295,0.21130371
31139,2015-06-15 10:38:17.924,-0.051986694,6.705551,-0.11956787
31140,2015-06-15 10:38:17.944,0.100357056,6.775772,-0.19573975
31141,2015-06-15 10:38:17.964,0.24674988,6.9507294,-0.3564148
31142,2015-06-15 10:38:17.984,0.7121124,7.1625824,-0.1659851
31143,2015-06-15 10:38:18.005,1.14534,7.3863373,-0.59207153
31144,2015-06-15 10:38:18.025,0.74186707,7.293503,-2.8153381
31145,2015-06-15 10:38:18.043,-2.439499,11.686478,-5.990753
31146,2015-06-15 10:38:18.063,-17.191849,20.74617,-14.443451
31147,2015-06-15 10:38:18.084,4.0351105,6.2663727,1.4288635
31148,2015-06-15 10:38:18.104,6.4726105,13.30275,-2.711792
31149,2015-06-15 10:38:18.124,3.3162384,16.546005,-3.686554
31150,2015-06-15 10:38:18.142,-2.8608246,14.46199,-5.6063232
31151,2015-06-15 10:38:18.163,-2.6108856,14.575058,-5.8574524
31152,2015-06-15 10:38:18.183,0.29792786,12.301804,-3.8757935
31153,2015-06-15 10:38:18.203,0.82398987,10.773605,-3.7234497
31154,2015-06-15 10:38:18.223,-0.25431824,8.62532,-3.2354736
31155,2015-06-15 10:38:18.243,1.7689972,9.169235,-4.012665
31156,2015-06-15 10:38:18.262,1.4750214,10.154709,-3.0736084
31157,2015-06-15 10:38:18.282,-0.8101349,7.9516754,-2.840332
31158,2015-06-15 10:38:18.302,-0.67207336,7.736252,-2.936737
31159,2015-06-15 10:38:18.322,-0.5137787,8.413467,-2.9843445
31160,2015-06-15 10:38:18.342,-0.9505768,8.725296,-3.3425903
31161,2015-06-15 10:38:18.361,-0.95176697,8.690781,-3.5425415
31162,2015-06-15 10:38:18.381,-1.0219879,8.004044,-3.2807007
31163,2015-06-15 10:38:18.401,-1.0600739,7.627945,-2.9581604
31164,2015-06-15 10:38:18.421,-0.554245,7.950485,-2.5106506
31165,2015-06-15 10:38:18.440,-0.66493225,8.577713,-2.1821594
31166,2015-06-15 10:38:18.460,-0.97914124,9.1454315,-2.1036072
31167,2015-06-15 10:38:18.480,-0.503067,9.561996,-1.9595947
31168,2015-06-15 10:38:18.500,-0.7434845,9.560806,-1.5739746
31169,2015-06-15 10:38:18.519,-1.0338898,9.884537,-1.8191528
31170,2015-06-15 10:38:18.539,-0.7268219,10.154709,-2.1190796
31171,2015-06-15 10:38:18.559,-1.0338898,10.105911,-2.3380737
31172,2015-06-15 10:38:18.579,-1.5682831,9.0490265,-2.5987244
31173,2015-06-15 10:38:18.598,-1.4754486,7.873123,-1.3740234
31174,2015-06-15 10:38:18.618,-0.4209442,7.357773,-0.7098999
31175,2015-06-15 10:38:18.638,-0.3388214,6.5924835,-0.09576416
31176,2015-06-15 10:38:18.658,-0.9553375,5.8736115,-0.50756836
31177,2015-06-15 10:38:18.678,-1.2683563,5.409439,0.07562256
31178,2015-06-15 10:38:18.698,-1.5147247,6.615097,-0.9419861
31179,2015-06-15 10:38:18.719,1.3976593,11.924515,-5.9609985
31180,2015-06-15 10:38:18.737,3.0401154,14.792862,-4.7243958
31181,2015-06-15 10:38:18.757,0.286026,12.249435,-1.6418152
31182,2015-06-15 10:38:18.778,-0.3721466,10.597458,-2.6594238
31183,2015-06-15 10:38:18.798,0.92277527,12.92308,-1.7572632
31184,2015-06-15 10:38:18.818,1.6095123,14.054947,-2.545166
31185,2015-06-15 10:38:18.838,0.85136414,12.838577,-2.4666138
31186,2015-06-15 10:38:18.857,0.747818,11.918564,-2.2987976
31187,2015-06-15 10:38:18.877,0.5502472,11.343704,-2.3749695
31188,2015-06-15 10:38:18.897,0.5002594,10.919998,-2.6260986
31189,2015-06-15 10:38:18.917,0.613327,10.846207,-2.622528
31190,2015-06-15 10:38:18.937,0.71687317,10.42131,-2.371399
31191,2015-06-15 10:38:18.956,0.33958435,9.736954,-2.1321716
31192,2015-06-15 10:38:18.976,-0.025802612,9.195419,-1.6227722
31193,2015-06-15 10:38:18.996,0.08369446,9.213272,-1.5049438
31194,2015-06-15 10:38:19.016,0.25865173,9.39299,-1.6299133
31195,2015-06-15 10:38:19.036,0.41575623,9.094254,-1.5787354
31196,2015-06-15 10:38:19.055,0.5097809,8.563431,-1.5608826
31197,2015-06-15 10:38:19.075,0.5823822,8.330154,-1.775116
31198,2015-06-15 10:38:19.095,0.51216125,8.057602,-2.0155334
31199,2015-06-15 10:38:19.115,0.4990692,7.768387,-1.6489563
31200,2015-06-15 10:38:19.134,0.3026886,7.7350616,-1.2859497
31201,2015-06-15 10:38:19.154,-0.09007263,7.769577,-0.9812622
31202,2015-06-15 10:38:19.174,-0.14720154,8.014755,-0.70751953
31203,2015-06-15 10:38:19.194,-0.08769226,8.328964,-0.8420105
31204,2015-06-15 10:38:19.213,0.026565552,8.228989,-1.0776672
31205,2015-06-15 10:38:19.233,0.29673767,7.967148,-0.8277283
31206,2015-06-15 10:38:19.253,0.2931671,7.7779083,-0.41235352
31207,2015-06-15 10:38:19.273,0.4086151,7.9469147,0.0637207
31208,2015-06-15 10:38:19.292,0.8108978,8.278976,0.5600281
31209,2015-06-15 10:38:19.312,0.6252289,8.458694,-0.13027954
31210,2015-06-15 10:38:19.332,-0.60780334,11.387741,-2.692749
31211,2015-06-15 10:38:19.352,-12.795303,19.901138,-11.802429
31212,2015-06-15 10:38:19.372,-2.690628,7.164963,-6.3906555
31213,2015-06-15 10:38:19.391,4.3874054,7.738632,-0.38616943
31214,2015-06-15 10:38:19.411,5.495468,11.06282,-1.8762817
31215,2015-06-15 10:38:19.431,2.3736115,11.505569,-2.5142212
31216,2015-06-15 10:38:19.451,-2.3430939,12.381546,-4.17453
31217,2015-06-15 10:38:19.471,-4.1557465,12.8207245,-4.810089
31218,2015-06-15 10:38:19.492,-1.2540741,11.616257,-3.8912659
31219,2015-06-15 10:38:19.512,0.38838196,11.075912,-3.7781982
31220,2015-06-15 10:38:19.530,0.29792786,10.462967,-3.244995
31221,2015-06-15 10:38:19.551,-0.7577667,9.930954,-3.968628
31222,2015-06-15 10:38:19.571,1.4750214,11.18541,-4.328064
31223,2015-06-15 10:38:19.591,0.5347748,10.986649,-4.282837
31224,2015-06-15 10:38:19.611,-1.4028473,9.275162,-3.7341614
31225,2015-06-15 10:38:19.630,-0.4792633,9.306107,-3.2652283
31226,2015-06-15 10:38:19.650,0.1134491,9.419174,-2.6320496
31227,2015-06-15 10:38:19.670,-0.17695618,8.987137,-2.5237427
31228,2015-06-15 10:38:19.690,-0.116256714,8.714584,-2.473755
31229,2015-06-15 10:38:19.710,-0.3483429,8.290878,-2.63443
31230,2015-06-15 10:38:19.730,-0.48521423,8.115921,-2.6177673
31231,2015-06-15 10:38:19.749,-0.46855164,8.213516,-2.7284546
31232,2015-06-15 10:38:19.769,-0.53282166,8.290878,-2.5285034
31233,2015-06-15 10:38:19.789,-0.65541077,8.462265,-2.295227
31234,2015-06-15 10:38:19.809,-0.49116516,8.475357,-2.2357178
31235,2015-06-15 10:38:19.828,-0.15791321,8.440842,-2.0357666
31236,2015-06-15 10:38:19.848,-0.23646545,8.455124,-1.8465271
31237,2015-06-15 10:38:19.868,-0.73039246,8.132584,-1.1705017
31238,2015-06-15 10:38:19.888,-1.1683807,7.6457977,-0.6860962
31239,2015-06-15 10:38:19.907,-1.4123688,7.526779,-0.5873108
31240,2015-06-15 10:38:19.927,-1.0434113,6.7198334,-0.60754395
31241,2015-06-15 10:38:19.947,-2.0265045,6.146164,0.796875
31242,2015-06-15 10:38:19.967,-1.4623566,7.492264,-0.13742065
31243,2015-06-15 10:38:19.986,3.7994537,14.291794,-5.443268
31244,2015-06-15 10:38:20.006,5.4264374,14.866653,-7.2951965
31245,2015-06-15 10:38:20.026,-1.0088959,9.322769,-0.601593
31246,2015-06-15 10:38:20.046,-2.57518,8.120682,-0.6361084
31247,2015-06-15 10:38:20.066,0.21342468,10.636734,-1.0086365
31248,2015-06-15 10:38:20.086,2.549759,12.718369,-2.821289
31249,2015-06-15 10:38:20.105,3.0651093,11.566269,-3.7948608
31250,2015-06-15 10:38:20.125,1.0001373,9.623886,-2.9533997
31251,2015-06-15 10:38:20.145,0.087265015,10.333237,-2.5725403
31252,2015-06-15 10:38:20.165,0.35743713,11.102097,-2.6689453
31253,2015-06-15 10:38:20.186,0.8073273,10.689102,-2.7843933
31254,2015-06-15 10:38:20.204,0.9203949,10.852158,-2.705841
31255,2015-06-15 10:38:20.224,-0.0043792725,11.202072,-2.724884
31256,2015-06-15 10:38:20.244,-0.28407288,11.031876,-2.6784668
31257,2015-06-15 10:38:20.265,-0.46736145,10.900955,-2.3261719
31258,2015-06-15 10:38:20.285,-0.16148376,10.724808,-2.1428833
31259,2015-06-15 10:38:20.305,-0.04484558,10.303482,-2.0607605
31260,2015-06-15 10:38:20.323,-0.14839172,9.891678,-1.9512634
31261,2015-06-15 10:38:20.344,-0.13053894,9.5108185,-1.852478
31262,2015-06-15 10:38:20.364,-0.073410034,9.13591,-1.8036804
31263,2015-06-15 10:38:20.384,-0.051986694,8.928818,-1.769165
31264,2015-06-15 10:38:20.404,0.0015716553,8.616989,-1.7477417
31265,2015-06-15 10:38:20.423,0.04322815,8.465836,-1.67276
31266,2015-06-15 10:38:20.443,-0.04008484,8.059982,-1.6346741
31267,2015-06-15 10:38:20.463,0.18128967,7.692215,-1.2609558
31268,2015-06-15 10:38:20.483,0.1872406,7.6362762,-1.0431519
31269,2015-06-15 10:38:20.503,0.25865173,7.8231354,-0.91223145
31270,2015-06-15 10:38:20.523,0.23246765,8.145676,-0.76345825
31271,2015-06-15 10:38:20.542,0.16462708,8.36586,-0.86938477
31272,2015-06-15 10:38:20.562,-0.13172913,8.502731,-0.9146118
31273,2015-06-15 10:38:20.582,-0.06983948,8.62413,-0.8562927
31274,2015-06-15 10:38:20.601,0.07417297,8.68483,-0.16241455
31275,2015-06-15 10:38:20.621,0.5895233,9.473923,0.64453125
31276,2015-06-15 10:38:20.641,0.9941864,9.621506,0.6897583
31277,2015-06-15 10:38:20.661,0.94895935,9.886917,0.92422485
31278,2015-06-15 10:38:20.680,-2.908432,16.83522,-6.143097
31279,2015-06-15 10:38:20.700,-9.05455,15.1035,-9.996918
31280,2015-06-15 10:38:20.720,-1.2040863,5.8819427,-5.558716
31281,2015-06-15 10:38:20.740,3.1960297,7.5672455,0.6219177
31282,2015-06-15 10:38:20.760,5.0991364,10.560562,0.1053772
31283,2015-06-15 10:38:20.779,2.255783,11.904282,-1.9536438
31284,2015-06-15 10:38:20.799,-1.4480743,11.011642,-3.9341125
31285,2015-06-15 10:38:20.819,-4.3414154,11.346085,-4.9350586
31286,2015-06-15 10:38:20.839,-1.4992523,10.724808,-4.341156
31287,2015-06-15 10:38:20.859,0.76924133,10.709335,-3.7722473
31288,2015-06-15 10:38:20.880,0.6906891,10.553421,-3.7817688
31289,2015-06-15 10:38:20.898,-0.38761902,10.366562,-3.9531555
31290,2015-06-15 10:38:20.918,-0.9184418,10.182083,-3.750824
31291,2015-06-15 10:38:20.938,-0.88749695,10.048782,-3.5342102
31292,2015-06-15 10:38:20.959,-0.68278503,10.154709,-3.6639404
31293,2015-06-15 10:38:20.979,-0.70777893,9.852402,-3.3235474
31294,2015-06-15 10:38:20.997,-0.85417175,9.163284,-2.7605896
31295,2015-06-15 10:38:21.017,-0.52568054,8.908585,-2.6582336
31296,2015-06-15 10:38:21.038,-0.17338562,8.847885,-2.486847
31297,2015-06-15 10:38:21.058,-0.14958191,8.770523,-2.499939
31298,2015-06-15 10:38:21.078,0.111068726,9.146622,-2.9962463
31299,2015-06-15 10:38:21.098,-0.19361877,8.871689,-2.6808472
31300,2015-06-15 10:38:21.118,-0.61613464,8.330154,-2.4380493
31301,2015-06-15 10:38:21.137,-0.13648987,8.49321,-2.5344543
31302,2015-06-15 10:38:21.157,-0.08769226,8.925247,-2.397583
31303,2015-06-15 10:38:21.177,-0.41618347,9.294205,-2.276184
31304,2015-06-15 10:38:21.197,-0.51734924,9.596512,-2.204773
31305,2015-06-15 10:38:21.217,-0.38404846,9.591751,-1.9714966
31306,2015-06-15 10:38:21.236,-0.2828827,9.620316,-2.1321716
31307,2015-06-15 10:38:21.256,-0.3162079,9.661972,-2.1393127
31308,2015-06-15 10:38:21.276,-0.68040466,9.347763,-2.1250305
31309,2015-06-15 10:38:21.296,-1.0338898,8.924057,-1.6037292
31310,2015-06-15 10:38:21.315,-1.0624542,8.267075,-1.3656921
31311,2015-06-15 10:38:21.335,-0.92082214,7.5684357,-0.6920471
31312,2015-06-15 10:38:21.355,-1.0922089,7.1899567,-0.40283203
31313,2015-06-15 10:38:21.375,-1.0945892,7.1709137,-0.55636597
31314,2015-06-15 10:38:21.394,-1.0243683,7.737442,-0.6253967
31315,2015-06-15 10:38:21.414,0.5930939,10.367752,-3.2033386
31316,2015-06-15 10:38:21.434,2.6759186,12.787399,-3.9602966
31317,2015-06-15 10:38:21.453,0.9192047,10.489151,-2.9141235
31318,2015-06-15 10:38:21.473,-0.4804535,8.975235,-1.9988708
31319,2015-06-15 10:38:21.493,0.27174377,9.670303,-2.3499756
31320,2015-06-15 10:38:21.513,0.8216095,10.721237,-2.2023926
31321,2015-06-15 10:38:21.533,0.8370819,11.055679,-2.7260742
31322,2015-06-15 10:38:21.553,0.8204193,10.80336,-2.7998657
31323,2015-06-15 10:38:21.572,0.8561249,10.651016,-2.3761597
31324,2015-06-15 10:38:21.592,0.8192291,11.0890045,-2.4071045
31325,2015-06-15 10:38:21.612,0.8358917,11.299667,-2.539215
31326,2015-06-15 10:38:21.632,0.69306946,11.31752,-2.4666138
31327,2015-06-15 10:38:21.653,0.2943573,11.478195,-2.7653503
31328,2015-06-15 10:38:21.671,0.13487244,11.419876,-2.6130066
31329,2015-06-15 10:38:21.693,0.19081116,10.919998,-2.384491
31330,2015-06-15 10:38:21.711,0.35862732,10.733139,-2.4047241
31331,2015-06-15 10:38:21.732,0.5085907,10.437973,-2.3285522
31332,2015-06-15 10:38:21.752,0.4669342,9.990463,-2.1571655
31333,2015-06-15 10:38:21.772,0.41218567,9.414413,-2.1381226
31334,2015-06-15 10:38:21.790,0.4764557,9.054977,-2.0976563
31335,2015-06-15 10:38:21.811,0.45741272,8.600327,-1.8703308
31336,2015-06-15 10:38:21.831,0.6418915,8.215897,-1.5715942
31337,2015-06-15 10:38:21.851,0.73591614,7.98024,-1.249054
31338,2015-06-15 10:38:21.871,0.51930237,7.558914,-1.1776428
31339,2015-06-15 10:38:21.890,0.5252533,7.2673187,-0.9836426
31340,2015-06-15 10:38:21.911,0.38005066,7.27684,-0.9657898
31341,2015-06-15 10:38:21.930,0.36338806,7.7993317,-0.9003296
31342,2015-06-15 10:38:21.950,0.33363342,7.8481293,-0.851532
31343,2015-06-15 10:38:21.970,0.4764557,7.993332,-1.1407471
31344,2015-06-15 10:38:21.990,0.54429626,7.904068,-0.8241577
31345,2015-06-15 10:38:22.009,0.89897156,7.9826202,0.0887146
31346,2015-06-15 10:38:22.029,0.9061127,8.282547,0.24819946
31347,2015-06-15 10:38:22.049,0.3598175,8.411087,-0.8253479
31348,2015-06-15 10:38:22.069,-2.5644684,14.310837,-7.759369
31349,2015-06-15 10:38:22.088,-12.118088,16.06279,-8.850769
31350,2015-06-15 10:38:22.108,1.4750214,7.1125946,-1.8036804
31351,2015-06-15 10:38:22.128,4.005356,8.837173,0.3922119
31352,2015-06-15 10:38:22.148,4.2457733,11.525803,-0.78845215
31353,2015-06-15 10:38:22.167,0.61808777,11.668625,-2.9224548
31354,2015-06-15 10:38:22.187,-2.9179535,12.034012,-4.636322
31355,2015-06-15 10:38:22.207,-2.844162,11.761459,-4.968384
31356,2015-06-15 10:38:22.227,0.23603821,10.622452,-3.7901
31357,2015-06-15 10:38:22.246,1.0679779,10.242783,-3.674652
31358,2015-06-15 10:38:22.266,0.4347992,10.596268,-3.802002
31359,2015-06-15 10:38:22.286,-0.68278503,10.924759,-4.508972
31360,2015-06-15 10:38:22.306,-0.7684784,10.820023,-4.341156
31361,2015-06-15 10:38:22.326,-1.1481476,10.053543,-3.6127625
31362,2015-06-15 10:38:22.346,-1.1362457,9.347763,-2.6891785
31363,2015-06-15 10:38:22.365,-0.9672394,8.959763,-3.366394
31364,2015-06-15 10:38:22.385,1.4155121,10.653397,-3.141449
31365,2015-06-15 10:38:22.405,-0.33763123,9.784561,-3.218811
31366,2015-06-15 10:38:22.426,-1.1410065,8.508682,-2.705841
31367,2015-06-15 10:38:22.446,-0.41737366,8.94072,-2.7677307
31368,2015-06-15 10:38:22.464,-0.26026917,9.310867,-2.3166504
31369,2015-06-15 10:38:22.484,-0.49354553,9.084732,-2.3690186
31370,2015-06-15 10:38:22.505,-0.18528748,9.0490265,-2.2071533
31371,2015-06-15 10:38:22.525,-0.5720978,9.131149,-2.3487854
31372,2015-06-15 10:38:22.545,-0.86369324,9.096634,-2.621338
31373,2015-06-15 10:38:22.565,-0.6530304,8.995468,-2.6951294
31374,2015-06-15 10:38:22.585,-0.30906677,9.213272,-2.493988
31375,2015-06-15 10:38:22.604,-0.80418396,8.953812,-2.4082947
31376,2015-06-15 10:38:22.624,-0.996994,8.895493,-1.7548828
31377,2015-06-15 10:38:22.644,-0.55662537,9.168045,-2.0881348
31378,2015-06-15 10:38:22.664,-0.13053894,9.219223,-1.9833984
31379,2015-06-15 10:38:22.684,-0.53401184,9.227554,-1.6810913
31380,2015-06-15 10:38:22.703,-1.2624054,8.887161,-1.659668
31381,2015-06-15 10:38:22.723,-1.5504303,8.069504,-1.1109924
31382,2015-06-15 10:38:22.743,-1.6432648,7.378006,-0.38378906
31383,2015-06-15 10:38:22.763,-1.6634979,6.904312,-0.08029175
31384,2015-06-15 10:38:22.782,-1.734909,6.3294525,0.12680054
31385,2015-06-15 10:38:22.802,-1.3385773,6.093796,-0.2897644
31386,2015-06-15 10:38:22.822,0.21699524,7.750534,-2.6499023
31387,2015-06-15 10:38:22.842,4.28981,14.776199,-7.824829
31388,2015-06-15 10:38:22.861,5.5026093,16.215134,-8.137848
31389,2015-06-15 10:38:22.881,-2.3192902,9.977371,0.39816284
31390,2015-06-15 10:38:22.901,-1.4040375,8.808609,-1.2799988
31391,2015-06-15 10:38:22.921,1.376236,12.082809,-1.4240112
31392,2015-06-15 10:38:22.941,2.396225,12.711227,-3.0271912
31393,2015-06-15 10:38:22.960,1.6571198,11.57579,-4.0031433
31394,2015-06-15 10:38:22.980,0.3526764,10.297531,-4.0364685
31395,2015-06-15 10:38:23.000,-1.061264,9.39299,-3.379486
31396,2015-06-15 10:38:23.020,-0.6268463,9.610794,-3.5425415
31397,2015-06-15 10:38:23.040,0.35386658,9.657211,-3.8008118
31398,2015-06-15 10:38:23.059,0.812088,9.398941,-3.6329956
31399,2015-06-15 10:38:23.079,0.10273743,9.129959,-3.308075
31400,2015-06-15 10:38:23.099,-0.94581604,9.156143,-3.2878418
31401,2015-06-15 10:38:23.119,-0.9565277,9.287064,-2.9272156
31402,2015-06-15 10:38:23.140,-0.15791321,9.450119,-2.4713745
31403,2015-06-15 10:38:23.160,0.613327,9.484634,-2.5570679
31404,2015-06-15 10:38:23.178,0.7002106,9.13472,-2.3630676
31405,2015-06-15 10:38:23.198,0.1134491,8.862167,-2.140503
31406,2015-06-15 10:38:23.219,-0.13053894,9.003799,-2.134552
31407,2015-06-15 10:38:23.239,-0.018661499,9.227554,-2.0881348
