"","epoch","load.txt.data.x","load.txt.data.y","load.txt.data.z"
"8323",2015-06-15 10:30:45.019,-1.0255585,9.834549,-0.95150757
"8324",2015-06-15 10:30:45.039,-0.96009827,9.865494,-1.0276794
"8325",2015-06-15 10:30:45.058,-0.6946869,10.142807,-1.6644287
"8326",2015-06-15 10:30:45.078,-0.25550842,10.104721,-1.8631897
"8327",2015-06-15 10:30:45.098,-0.043655396,10.108292,-2.2071533
"8328",2015-06-15 10:30:45.118,0.2205658,10.279678,-2.3809204
"8329",2015-06-15 10:30:45.138,0.22175598,10.298721,-2.520172
"8330",2015-06-15 10:30:45.157,-0.046035767,10.151138,-2.7022705
"8331",2015-06-15 10:30:45.177,-0.4292755,9.876205,-2.4570923
"8332",2015-06-15 10:30:45.197,-0.8101349,9.423935,-2.2035828
"8333",2015-06-15 10:30:45.217,-1.125534,9.147812,-1.8370056
"8334",2015-06-15 10:30:45.236,-1.2576447,9.314438,-1.5454102
"8335",2015-06-15 10:30:45.256,-1.1088715,9.589371,-1.5799255
"8336",2015-06-15 10:30:45.276,-0.6958771,9.784561,-1.5418396
"8337",2015-06-15 10:30:45.296,-0.2745514,9.957138,-1.6513367
"8338",2015-06-15 10:30:45.315,0.08250427,10.0368805,-1.691803
"8339",2015-06-15 10:30:45.335,0.14677429,10.005936,-1.7144165
"8340",2015-06-15 10:30:45.355,0.138443,9.827408,-1.7489319
"8341",2015-06-15 10:30:45.375,-0.10197449,9.652451,-1.6453857
"8342",2015-06-15 10:30:45.394,-0.02104187,9.685776,-1.7584534
"8343",2015-06-15 10:30:45.414,0.33958435,9.619125,-1.916748
"8344",2015-06-15 10:30:45.434,0.67759705,9.429886,-1.8489075
"8345",2015-06-15 10:30:45.454,0.79185486,9.484634,-1.788208
"8346",2015-06-15 10:30:45.474,0.8382721,9.576279,-1.7465515
"8347",2015-06-15 10:30:45.494,0.85850525,9.71315,-1.5906372
"8348",2015-06-15 10:30:45.515,0.779953,9.835739,-1.5549316
"8349",2015-06-15 10:30:45.533,0.76805115,9.884537,-1.5965881
"8350",2015-06-15 10:30:45.553,0.8454132,9.830978,-1.5918274
"8351",2015-06-15 10:30:45.573,0.9775238,9.767899,-1.4954224
"8352",2015-06-15 10:30:45.594,1.0727386,9.77623,-1.4382935
"8353",2015-06-15 10:30:45.612,1.2310333,9.857162,-1.4299622
"8354",2015-06-15 10:30:45.632,1.2524567,9.917862,-1.6037292
"8355",2015-06-15 10:30:45.653,1.0251312,9.816696,-1.7774963
"8356",2015-06-15 10:30:45.673,0.4597931,9.807175,-2.1071777
"8357",2015-06-15 10:30:45.693,0.1872406,9.935715,-2.172638
"8358",2015-06-15 10:30:45.713,0.36695862,10.045212,-2.0631409
"8359",2015-06-15 10:30:45.733,0.6585541,9.864304,-2.0107727
"8360",2015-06-15 10:30:45.752,0.99061584,9.595322,-1.9703064
"8361",2015-06-15 10:30:45.772,1.1179657,9.559616,-1.9191284
"8362",2015-06-15 10:30:45.792,0.9763336,9.627457,-1.8869934
"8363",2015-06-15 10:30:45.812,0.7382965,9.723862,-1.9322205
"8364",2015-06-15 10:30:45.831,0.45503235,9.789322,-2.1036072
"8365",2015-06-15 10:30:45.851,0.3681488,9.663162,-2.1119385
"8366",2015-06-15 10:30:45.871,0.39790344,9.669113,-2.0988464
"8367",2015-06-15 10:30:45.891,0.43122864,9.706009,-2.1524048
"8368",2015-06-15 10:30:45.911,0.32411194,9.803604,-1.9893494
"8369",2015-06-15 10:30:45.930,0.2610321,9.738144,-1.9405518
"8370",2015-06-15 10:30:45.950,0.32173157,9.685776,-1.884613
"8371",2015-06-15 10:30:45.970,0.25746155,9.65007,-1.8191528
"8372",2015-06-15 10:30:45.990,0.20747375,9.623886,-1.8143921
"8373",2015-06-15 10:30:46.009,0.20152283,9.657211,-1.8048706
"8374",2015-06-15 10:30:46.029,0.15034485,9.666733,-1.7715454
"8375",2015-06-15 10:30:46.049,0.21342468,9.707199,-1.6608582
"8376",2015-06-15 10:30:46.069,0.24674988,9.755997,-1.659668
"8377",2015-06-15 10:30:46.088,0.22770691,9.7417145,-1.6394348
"8378",2015-06-15 10:30:46.108,0.17533875,9.71077,-1.7120361
"8379",2015-06-15 10:30:46.128,0.1789093,9.703629,-1.710846
"8380",2015-06-15 10:30:46.148,0.13130188,9.734573,-1.7072754
"8381",2015-06-15 10:30:46.167,0.14082336,9.700058,-1.7536926
"8382",2015-06-15 10:30:46.187,0.15034485,9.664352,-1.7810669
"8383",2015-06-15 10:30:46.207,0.10630798,9.625076,-1.9215088
"8384",2015-06-15 10:30:46.227,0.10987854,9.757187,-1.9060364
"8385",2015-06-15 10:30:46.247,0.07060242,9.77861,-1.8834229
"8386",2015-06-15 10:30:46.266,0.09202576,9.556046,-1.8988953
"8387",2015-06-15 10:30:46.286,0.05155945,9.425125,-1.9786377
"8388",2015-06-15 10:30:46.306,0.025375366,9.288254,-1.9917297
"8389",2015-06-15 10:30:46.326,-0.06745911,9.172806,-1.8798523
"8390",2015-06-15 10:30:46.346,-0.11149597,9.238266,-1.9762573
"8391",2015-06-15 10:30:46.367,0.018234253,9.339432,-1.7941589
"8392",2015-06-15 10:30:46.385,0.01109314,9.162094,-1.9250793
"8393",2015-06-15 10:30:46.405,-0.06388855,9.127579,-1.8512878
"8394",2015-06-15 10:30:46.426,-0.13291931,9.529861,-1.6525269
"8395",2015-06-15 10:30:46.446,-0.007949829,9.525101,-1.8251038
"8396",2015-06-15 10:30:46.466,0.087265015,9.298965,-1.9905396
"8397",2015-06-15 10:30:46.484,0.41218567,8.640793,-2.3940125
"8398",2015-06-15 10:30:46.506,0.5395355,8.218277,-2.3285522
"8399",2015-06-15 10:30:46.525,0.37171936,7.475601,-2.7284546
"8400",2015-06-15 10:30:46.545,0.10273743,7.135208,-2.3773499
"8401",2015-06-15 10:30:46.565,0.06703186,6.8495636,-2.6641846
"8402",2015-06-15 10:30:46.585,0.44670105,6.910263,-2.3963928
"8403",2015-06-15 10:30:46.604,0.1539154,7.281601,-2.1333618
"8404",2015-06-15 10:30:46.624,0.008712769,7.9528656,-1.9405518
"8405",2015-06-15 10:30:46.644,0.020614624,8.395615,-1.7251282
"8406",2015-06-15 10:30:46.664,0.13725281,8.950241,-1.313324
"8407",2015-06-15 10:30:46.684,1.023941,9.51796,-1.5489807
"8408",2015-06-15 10:30:46.703,0.31459045,10.709335,-1.7263184
"8409",2015-06-15 10:30:46.723,0.49430847,11.456772,-2.2702332
"8410",2015-06-15 10:30:46.743,0.7621002,12.337509,-2.6487122
"8411",2015-06-15 10:30:46.763,0.71806335,13.55864,-2.6177673
"8412",2015-06-15 10:30:46.782,0.02180481,15.054703,-2.3606873
"8413",2015-06-15 10:30:46.802,0.16819763,17.114914,-2.8427124
"8414",2015-06-15 10:30:46.822,-0.20552063,19.682144,-3.5675354
"8415",2015-06-15 10:30:46.842,-0.026992798,21.472183,-4.2745056
"8416",2015-06-15 10:30:46.861,0.31340027,22.525497,-5.3075867
"8417",2015-06-15 10:30:46.881,0.20152283,22.912308,-5.515869
"8418",2015-06-15 10:30:46.901,0.30387878,21.9673,-5.245697
"8419",2015-06-15 10:30:46.921,0.5312042,20.010635,-4.4732666
"8420",2015-06-15 10:30:46.941,1.1917572,17.211319,-3.7877197
"8421",2015-06-15 10:30:46.961,1.1060638,13.426529,-3.7865295
"8422",2015-06-15 10:30:46.980,0.9120636,9.014511,-3.264038
"8423",2015-06-15 10:30:47.000,1.0120392,4.614395,-1.249054
"8424",2015-06-15 10:30:47.020,-0.49830627,0.84269714,-0.633728
"8425",2015-06-15 10:30:47.040,-1.6492157,-2.1101532,-1.6144409
"8426",2015-06-15 10:30:47.059,-0.7268219,-4.091812,-1.807251
"8427",2015-06-15 10:30:47.079,0.18247986,-3.3693695,-1.5156555
"8428",2015-06-15 10:30:47.099,-0.15672302,-1.3234406,-0.82058716
"8429",2015-06-15 10:30:47.119,-0.16743469,0.18214417,-0.7527466
"8430",2015-06-15 10:30:47.140,-0.24717712,1.0105133,0.26605225
"8431",2015-06-15 10:30:47.160,-0.30906677,1.2425995,0.6016846
"8432",2015-06-15 10:30:47.180,-0.05079651,1.002182,0.681427
"8433",2015-06-15 10:30:47.198,-0.047225952,0.55229187,0.5921631
"8434",2015-06-15 10:30:47.219,-0.08174133,0.19642639,-0.05053711
"8435",2015-06-15 10:30:47.239,0.0063323975,-0.007095337,-0.48495483
"8436",2015-06-15 10:30:47.259,-0.056747437,-0.0677948,-0.78726196
"8437",2015-06-15 10:30:47.278,-0.47331238,0.013137817,-0.6587219
"8438",2015-06-15 10:30:47.298,-0.18647766,1.7948456,-0.44805908
"8439",2015-06-15 10:30:47.318,1.3357697,6.6996,-4.1697693
"8440",2015-06-15 10:30:47.338,2.1796112,13.300369,-3.308075
"8441",2015-06-15 10:30:47.358,-0.61494446,21.186539,-7.683197
"8442",2015-06-15 10:30:47.378,1.9189606,19.645248,-15.219452
"8443",2015-06-15 10:30:47.398,4.072006,12.592209,-8.805542
"8444",2015-06-15 10:30:47.417,-1.16362,21.401962,-0.9336548
"8445",2015-06-15 10:30:47.437,-1.298111,21.249619,-0.16836548
"8446",2015-06-15 10:30:47.457,0.9108734,18.486008,-3.1307373
"8447",2015-06-15 10:30:47.476,1.5809479,20.639053,-4.982666
"8448",2015-06-15 10:30:47.496,0.8537445,21.743546,-6.149048
"8449",2015-06-15 10:30:47.516,-0.029373169,23.75615,-7.1976013
"8450",2015-06-15 10:30:47.536,0.9953766,23.644272,-7.2035522
"8451",2015-06-15 10:30:47.555,1.9760895,24.117966,-5.463501
"8452",2015-06-15 10:30:47.575,-0.06745911,25.092728,-3.9721985
"8453",2015-06-15 10:30:47.595,-1.3695221,23.587143,-3.692505
"8454",2015-06-15 10:30:47.615,-1.9681854,19.345322,-6.3775635
"8455",2015-06-15 10:30:47.634,-1.850357,11.175888,-9.1102295
"8456",2015-06-15 10:30:47.654,-0.11387634,3.4218292,-5.7098694
"8457",2015-06-15 10:30:47.674,-0.28645325,-1.1901398,-3.9019775
"8458",2015-06-15 10:30:47.694,1.2631683,-4.365555,-5.6789246
"8459",2015-06-15 10:30:47.714,2.9318085,-4.0608673,-5.13739
"8460",2015-06-15 10:30:47.734,1.0227509,-2.1518097,2.002533
"8461",2015-06-15 10:30:47.753,-1.1731415,-0.33439636,3.7937622
"8462",2015-06-15 10:30:47.773,-1.5778046,1.3378143,2.2179565
"8463",2015-06-15 10:30:47.793,-1.0207977,2.3351898,1.3288879
"8464",2015-06-15 10:30:47.813,-0.08888245,2.3482819,0.30532837
"8465",2015-06-15 10:30:47.834,0.5145416,0.9212494,-0.30285645
"8466",2015-06-15 10:30:47.852,0.8477936,-0.41532898,-0.75393677
"8467",2015-06-15 10:30:47.872,0.67045593,-0.8997345,-1.0407715
"8468",2015-06-15 10:30:47.892,0.18843079,-0.7247772,-0.51828
"8469",2015-06-15 10:30:47.913,-0.34239197,-0.35820007,-0.4706726
"8470",2015-06-15 10:30:47.931,-0.7910919,-0.090408325,-0.66586304
"8471",2015-06-15 10:30:47.953,-0.8577423,0.003616333,-0.70513916
"8472",2015-06-15 10:30:47.971,-0.5447235,-0.04875183,-1.1193237
"8473",2015-06-15 10:30:47.992,0.111068726,0.2606964,0.43862915
"8474",2015-06-15 10:30:48.012,0.93229675,3.2932892,-3.847229
"8475",2015-06-15 10:30:48.032,3.0091705,13.482468,-10.997864
"8476",2015-06-15 10:30:48.052,0.77757263,18.596695,-5.96933
"8477",2015-06-15 10:30:48.071,-0.3078766,15.93782,-6.8012695
"8478",2015-06-15 10:30:48.091,0.84184265,19.159653,-9.702942
"8479",2015-06-15 10:30:48.111,-1.7515717,21.593582,-7.009552
"8480",2015-06-15 10:30:48.131,-1.349289,24.075119,-4.796997
"8481",2015-06-15 10:30:48.151,1.3619537,25.648544,-3.8198547
"8482",2015-06-15 10:30:48.171,0.5823822,25.49382,-5.657501
"8483",2015-06-15 10:30:48.190,0.036087036,26.897049,-8.165222
"8484",2015-06-15 10:30:48.210,1.0096588,27.815872,-7.18927
"8485",2015-06-15 10:30:48.230,0.15034485,26.828018,-7.1845093
"8486",2015-06-15 10:30:48.250,0.22770691,24.232224,-6.1990356
"8487",2015-06-15 10:30:48.269,-0.7518158,20.434341,-6.592987
"8488",2015-06-15 10:30:48.289,-0.32810974,14.556015,-7.5260925
"8489",2015-06-15 10:30:48.309,0.52168274,7.6493683,-8.34375
"8490",2015-06-15 10:30:48.328,1.3833771,2.245926,-4.0995483
"8491",2015-06-15 10:30:48.348,0.37886047,-1.2020416,-3.026001
"8492",2015-06-15 10:30:48.368,0.5097809,-3.6193085,-6.2882996
"8493",2015-06-15 10:30:48.388,2.8270721,-3.0539703,-2.9914856
"8494",2015-06-15 10:30:48.407,0.7466278,-1.4555511,3.2379456
"8495",2015-06-15 10:30:48.427,-0.49473572,-0.1665802,2.5845337
"8496",2015-06-15 10:30:48.447,-0.85536194,1.0593109,1.7371216
"8497",2015-06-15 10:30:48.467,-0.80418396,1.5187225,1.078949
"8498",2015-06-15 10:30:48.487,-0.71372986,1.4235077,0.6802368
"8499",2015-06-15 10:30:48.506,-0.5637665,0.76057434,0.092285156
"8500",2015-06-15 10:30:48.526,-0.34120178,-0.03565979,-0.30999756
"8501",2015-06-15 10:30:48.546,0.059890747,-0.41175842,-0.44805908
"8502",2015-06-15 10:30:48.566,0.20509338,-0.27964783,-0.6289673
"8503",2015-06-15 10:30:48.586,0.20271301,-0.24156189,-0.3635559
"8504",2015-06-15 10:30:48.607,0.03727722,-0.13801575,-0.18026733
"8505",2015-06-15 10:30:48.627,-0.099594116,-0.0035247803,-0.5527954
"8506",2015-06-15 10:30:48.645,-0.32929993,0.20951843,-0.59802246
"8507",2015-06-15 10:30:48.665,-0.48997498,1.6282196,-0.4135437
"8508",2015-06-15 10:30:48.686,0.516922,7.2089996,-6.625122
"8509",2015-06-15 10:30:48.706,1.6475983,16.174667,-8.050964
"8510",2015-06-15 10:30:48.726,-0.075790405,20.436722,-6.637024
"8511",2015-06-15 10:30:48.744,-0.025802612,16.925674,-9.391113
"8512",2015-06-15 10:30:48.765,-2.1110077,23.205093,-8.79364
"8513",2015-06-15 10:30:48.785,-1.3040619,28.00035,-7.1868896
"8514",2015-06-15 10:30:48.805,1.8439789,31.78038,-6.0264587
"8515",2015-06-15 10:30:48.825,2.7544708,31.14125,-6.9309998
"8516",2015-06-15 10:30:48.845,1.671402,29.907028,-7.978363
"8517",2015-06-15 10:30:48.864,0.015853882,30.55687,-5.944336
"8518",2015-06-15 10:30:48.884,0.94776917,28.734695,-4.983856
"8519",2015-06-15 10:30:48.904,0.85731506,24.182236,-5.3837585
"8520",2015-06-15 10:30:48.924,-0.6530304,17.99208,-7.3535156
"8521",2015-06-15 10:30:48.944,-0.9243927,8.380142,-8.901947
"8522",2015-06-15 10:30:48.963,-0.97676086,2.1150055,-4.257843
"8523",2015-06-15 10:30:48.983,-1.7503815,-1.2782135,-4.2745056
"8524",2015-06-15 10:30:49.003,-0.90534973,-4.834488,-6.5501404
"8525",2015-06-15 10:30:49.023,1.7511444,-4.4905243,-3.2354736
"8526",2015-06-15 10:30:49.042,1.0727386,-1.3579559,2.1346436
"8527",2015-06-15 10:30:49.062,0.50502014,0.115493774,3.4319458
"8528",2015-06-15 10:30:49.082,0.13368225,1.1652374,2.30484
"8529",2015-06-15 10:30:49.101,-0.4149933,2.1983185,1.3062744
"8530",2015-06-15 10:30:49.121,-0.8315582,2.297104,0.40292358
"8531",2015-06-15 10:30:49.141,-1.1648102,1.1604767,-0.08029175
"8532",2015-06-15 10:30:49.161,-0.7756195,-0.07017517,-0.32904053
"8533",2015-06-15 10:30:49.181,-0.27693176,-0.55815125,-0.38378906
"8534",2015-06-15 10:30:49.200,0.04798889,-0.56529236,-0.736084
"8535",2015-06-15 10:30:49.220,-0.015090942,-0.35105896,-1.1752625
"8536",2015-06-15 10:30:49.240,-0.23051453,-0.2736969,-1.4728088
"8537",2015-06-15 10:30:49.260,-0.003189087,-0.2665558,-1.5144653
"8538",2015-06-15 10:30:49.280,0.1134491,-0.24156189,-1.127655
"8539",2015-06-15 10:30:49.299,-0.013900757,-0.28559875,-0.40759277
"8540",2015-06-15 10:30:49.319,-0.24003601,-0.21299744,0.92422485
"8541",2015-06-15 10:30:49.339,-0.7327728,0.81651306,2.6154785
"8542",2015-06-15 10:30:49.359,0.34553528,4.971451,-4.9612427
"8543",2015-06-15 10:30:49.380,1.8047028,14.810715,-8.168793
"8544",2015-06-15 10:30:49.400,1.7380524,24.842789,-7.4737244
"8545",2015-06-15 10:30:49.418,4.236252,23.915634,-16.569122
"8546",2015-06-15 10:30:49.438,0.73591614,25.062973,-12.77243
"8547",2015-06-15 10:30:49.459,-6.123123,33.272873,-6.3335266
"8548",2015-06-15 10:30:49.479,-0.78157043,33.043167,-6.5120544
"8549",2015-06-15 10:30:49.499,3.4471588,33.88701,-8.559174
"8550",2015-06-15 10:30:49.517,2.2129364,30.698502,-9.428009
"8551",2015-06-15 10:30:49.538,0.8608856,27.302902,-8.497284
"8552",2015-06-15 10:30:49.558,1.1084442,21.804245,-6.881012
"8553",2015-06-15 10:30:49.578,1.7440033,16.786423,-7.2368774
"8554",2015-06-15 10:30:49.598,1.5523834,9.84288,-7.868866
"8555",2015-06-15 10:30:49.618,-0.34596252,3.6467743,-4.3840027
"8556",2015-06-15 10:30:49.637,-2.9381866,-0.030899048,-3.4378052
"8557",2015-06-15 10:30:49.657,-2.6680145,-2.0113678,-2.846283
"8558",2015-06-15 10:30:49.677,0.47883606,-3.5276642,-3.430664
"8559",2015-06-15 10:30:49.697,0.6585541,-2.8694916,0.19940186
"8560",2015-06-15 10:30:49.717,0.5002594,-0.8104706,0.2208252
"8561",2015-06-15 10:30:49.736,0.63594055,1.0462189,0.43267822
"8562",2015-06-15 10:30:49.756,0.37171936,1.976944,0.71118164
"8563",2015-06-15 10:30:49.776,-0.043655396,2.1292877,0.74212646
"8564",2015-06-15 10:30:49.796,-0.45307922,1.6710663,0.4017334
"8565",2015-06-15 10:30:49.815,-0.62327576,0.55467224,-0.40878296
"8566",2015-06-15 10:30:49.835,-0.62327576,-0.37605286,-0.8312988
"8567",2015-06-15 10:30:49.855,-0.46022034,-0.8806915,-0.6872864
"8568",2015-06-15 10:30:49.875,-0.36738586,-0.6533661,0.13513184
"8569",2015-06-15 10:30:49.894,-0.46855164,-0.31892395,0.34698486
"8570",2015-06-15 10:30:49.914,-0.65065,-0.05470276,0.5826416
"8571",2015-06-15 10:30:49.934,-0.41261292,-0.19038391,0.32080078
"8572",2015-06-15 10:30:49.953,-0.18647766,-0.58909607,1.4002991
"8573",2015-06-15 10:30:49.973,-0.121017456,0.5011139,1.0396729
"8574",2015-06-15 10:30:49.993,1.177475,8.150436,-12.845032
"8575",2015-06-15 10:30:50.013,5.146744,23.82994,-19.783813
"8576",2015-06-15 10:30:50.033,0.7382965,25.762802,-7.104767
"8577",2015-06-15 10:30:50.053,1.1786652,26.64235,-6.450165
"8578",2015-06-15 10:30:50.072,3.6363983,29.02629,-11.012146
"8579",2015-06-15 10:30:50.092,-0.438797,24.46907,-5.821747
"8580",2015-06-15 10:30:50.112,-4.0545807,22.770676,-7.3832703
"8581",2015-06-15 10:30:50.132,-0.61494446,18.277725,-5.290924
"8582",2015-06-15 10:30:50.153,1.9713287,14.642899,-4.149536
"8583",2015-06-15 10:30:50.171,2.8211212,10.471298,-3.968628
"8584",2015-06-15 10:30:50.191,2.8687286,7.8826447,-2.8439026
"8585",2015-06-15 10:30:50.211,2.1986542,6.31398,-2.3547363
"8586",2015-06-15 10:30:50.232,1.3679047,4.721512,-1.5644531
"8587",2015-06-15 10:30:50.252,0.8977814,3.6693878,-0.88842773
"8588",2015-06-15 10:30:50.272,0.7716217,3.2099762,-0.1993103
"8589",2015-06-15 10:30:50.290,1.6856842,3.1028595,-1.8512878
"8590",2015-06-15 10:30:50.311,1.6345062,4.0585785,-5.0171814
"8591",2015-06-15 10:30:50.331,0.57167053,6.870987,-6.533478
"8592",2015-06-15 10:30:50.351,-0.6601715,9.256119,-6.2609253
"8593",2015-06-15 10:30:50.371,-3.896286,9.181137,-5.2409363
"8594",2015-06-15 10:30:50.391,-3.870102,9.257309,-3.8103333
"8595",2015-06-15 10:30:50.411,-2.1800385,10.302292,-2.789154
"8596",2015-06-15 10:30:50.430,-0.6601715,10.987839,-2.339264
"8597",2015-06-15 10:30:50.450,-0.8101349,10.465347,-2.0286255
"8598",2015-06-15 10:30:50.470,-1.445694,10.191605,-2.0881348
"8599",2015-06-15 10:30:50.490,-1.9598541,10.382034,-1.7846375
"8600",2015-06-15 10:30:50.509,-1.9765167,10.439163,-1.8608093
"8601",2015-06-15 10:30:50.529,-1.5789948,9.946426,-1.704895
"8602",2015-06-15 10:30:50.549,-1.3719025,9.363235,-1.7632141
"8603",2015-06-15 10:30:50.569,-1.1993256,9.156143,-1.8750916
"8604",2015-06-15 10:30:50.588,-1.5325775,9.335861,-1.916748
"8605",2015-06-15 10:30:50.608,-1.9872284,9.681015,-2.3214111
"8606",2015-06-15 10:30:50.628,-1.6980133,9.746475,-2.3940125
"8607",2015-06-15 10:30:50.648,-1.002945,9.515579,-2.288086
"8608",2015-06-15 10:30:50.667,-0.34477234,9.440598,-2.006012
"8609",2015-06-15 10:30:50.687,-0.26026917,9.976181,-1.9619751
"8610",2015-06-15 10:30:50.707,-0.018661499,10.002365,-2.474945
"8611",2015-06-15 10:30:50.727,0.13963318,9.628647,-2.5689697
"8612",2015-06-15 10:30:50.746,0.39552307,9.603653,-2.7796326
"8613",2015-06-15 10:30:50.766,0.5645294,9.451309,-2.6975098
"8614",2015-06-15 10:30:50.786,0.50382996,9.218033,-2.551117
"8615",2015-06-15 10:30:50.806,0.89183044,9.935715,-3.0021973
"8616",2015-06-15 10:30:50.826,1.1869965,10.452255,-3.0248108
"8617",2015-06-15 10:30:50.845,0.94181824,9.759567,-2.7106018
"8618",2015-06-15 10:30:50.865,0.25984192,9.112106,-2.2261963
"8619",2015-06-15 10:30:50.885,-0.291214,9.175186,-2.1809692
"8620",2015-06-15 10:30:50.905,-0.5970917,9.504868,-2.0714722
"8621",2015-06-15 10:30:50.926,-0.3483429,9.750046,-2.0369568
"8622",2015-06-15 10:30:50.946,0.19081116,9.709579,-2.05719
"8623",2015-06-15 10:30:50.964,0.433609,9.539383,-1.9191284
"8624",2015-06-15 10:30:50.984,0.47169495,9.4917755,-1.8941345
"8625",2015-06-15 10:30:51.005,0.44908142,9.617935,-1.9238892
"8626",2015-06-15 10:30:51.025,0.43717957,9.746475,-2.1750183
"8627",2015-06-15 10:30:51.045,0.6240387,9.859543,-2.3618774
"8628",2015-06-15 10:30:51.065,0.7906647,9.83931,-2.538025
"8629",2015-06-15 10:30:51.084,0.71925354,9.663162,-2.5820618
"8630",2015-06-15 10:30:51.104,0.61213684,9.5239105,-2.590393
"8631",2015-06-15 10:30:51.124,0.57167053,9.4596405,-2.44281
"8632",2015-06-15 10:30:51.144,0.4347992,9.482254,-2.2071533
"8633",2015-06-15 10:30:51.164,0.286026,9.604843,-2.0238647
"8634",2015-06-15 10:30:51.183,0.21818542,9.84407,-1.8370056
"8635",2015-06-15 10:30:51.203,0.25984192,9.929764,-1.7905884
"8636",2015-06-15 10:30:51.223,0.44075012,9.892868,-1.7620239
"8637",2015-06-15 10:30:51.243,0.55262756,9.885727,-1.8227234
"8638",2015-06-15 10:30:51.263,0.61808777,9.873825,-1.8108215
"8639",2015-06-15 10:30:51.282,0.715683,9.828598,-1.9714966
"8640",2015-06-15 10:30:51.302,0.62760925,9.709579,-2.0726624
"8641",2015-06-15 10:30:51.322,0.3931427,9.666733,-1.9381714
"8642",2015-06-15 10:30:51.342,0.3848114,9.71434,-1.9369812
"8643",2015-06-15 10:30:51.361,0.39076233,9.71196,-1.8429565
"8644",2015-06-15 10:30:51.381,0.43598938,9.739334,-1.7191772
"8645",2015-06-15 10:30:51.401,0.4990692,9.90477,-1.7263184
"8646",2015-06-15 10:30:51.421,0.48121643,9.930954,-1.6679993
"8647",2015-06-15 10:30:51.440,0.4419403,9.876205,-1.6560974
"8648",2015-06-15 10:30:51.460,0.3098297,9.833359,-1.7965393
"8649",2015-06-15 10:30:51.480,0.28126526,9.808365,-1.775116
"8650",2015-06-15 10:30:51.500,0.23246765,9.77861,-1.8465271
"8651",2015-06-15 10:30:51.519,0.24317932,9.7548065,-1.9262695
"8652",2015-06-15 10:30:51.539,0.20747375,9.746475,-1.9298401
"8653",2015-06-15 10:30:51.559,0.15629578,9.71196,-1.9560242
"8654",2015-06-15 10:30:51.579,0.065841675,9.765518,-1.9286499
"8655",2015-06-15 10:30:51.599,-0.036514282,9.744095,-1.9310303
"8656",2015-06-15 10:30:51.619,-0.048416138,9.751236,-1.8834229
"8657",2015-06-15 10:30:51.638,-0.0019989014,9.751236,-1.8619995
"8658",2015-06-15 10:30:51.658,0.09916687,9.780991,-1.8453369
"8659",2015-06-15 10:30:51.678,0.09321594,9.7548065,-1.8536682
"8660",2015-06-15 10:30:51.698,0.068222046,9.7548065,-1.8429565
"8661",2015-06-15 10:30:51.719,0.057510376,9.770279,-1.8691406
"8662",2015-06-15 10:30:51.737,0.049179077,9.748856,-1.8429565
"8663",2015-06-15 10:30:51.757,0.022994995,9.745285,-1.8024902
"8664",2015-06-15 10:30:51.778,0.008712769,9.829788,-1.756073
"8665",2015-06-15 10:30:51.798,0.028945923,9.798843,-1.7703552
"8666",2015-06-15 10:30:51.818,0.065841675,9.766708,-1.7870178
"8667",2015-06-15 10:30:51.838,0.038467407,9.807175,-1.6775208
"8668",2015-06-15 10:30:51.858,0.055130005,9.796463,-1.769165
"8669",2015-06-15 10:30:51.877,0.026565552,9.703629,-1.6441956
"8670",2015-06-15 10:30:51.897,-0.035324097,9.783371,-1.6370544
"8671",2015-06-15 10:30:51.917,0.03727722,9.819077,-1.6620483
"8672",2015-06-15 10:30:51.937,0.031326294,9.851212,-1.6370544
"8673",2015-06-15 10:30:51.957,0.030136108,9.860733,-1.6263428
"8674",2015-06-15 10:30:51.976,0.07060242,9.847641,-1.6513367
"8675",2015-06-15 10:30:51.996,0.09916687,9.817886,-1.6441956
"8676",2015-06-15 10:30:52.016,0.09083557,9.808365,-1.7346497
"8677",2015-06-15 10:30:52.036,0.08488464,9.791702,-1.7251282
"8678",2015-06-15 10:30:52.055,0.09559631,9.785751,-1.7477417
"8679",2015-06-15 10:30:52.075,0.0801239,9.792892,-1.7037048
"8680",2015-06-15 10:30:52.095,0.06227112,9.767899,-1.6549072
"8681",2015-06-15 10:30:52.115,0.050369263,9.785751,-1.710846
"8682",2015-06-15 10:30:52.134,0.02418518,9.783371,-1.6192017
"8683",2015-06-15 10:30:52.154,0.026565552,9.852402,-1.6453857
"8684",2015-06-15 10:30:52.174,0.087265015,9.825027,-1.6584778
"8685",2015-06-15 10:30:52.194,0.0717926,9.825027,-1.6941833
"8686",2015-06-15 10:30:52.213,0.09440613,9.798843,-1.7251282
"8687",2015-06-15 10:30:52.233,0.12416077,9.766708,-1.7358398
"8688",2015-06-15 10:30:52.253,0.13368225,9.796463,-1.7774963
"8689",2015-06-15 10:30:52.273,0.15034485,9.772659,-1.7715454
"8690",2015-06-15 10:30:52.293,0.10392761,9.772659,-1.7834473
"8691",2015-06-15 10:30:52.312,0.138443,9.786942,-1.7822571
"8692",2015-06-15 10:30:52.332,0.14320374,9.817886,-1.8001099
"8693",2015-06-15 10:30:52.352,0.05632019,9.783371,-1.7858276
"8694",2015-06-15 10:30:52.372,-0.012710571,9.770279,-1.7989197
"8695",2015-06-15 10:30:52.392,0.02418518,9.757187,-1.7346497
"8696",2015-06-15 10:30:52.411,0.08607483,9.846451,-1.7667847
"8697",2015-06-15 10:30:52.431,0.0967865,9.7798,-1.7025146
"8698",2015-06-15 10:30:52.451,0.09916687,9.825027,-1.7132263
"8699",2015-06-15 10:30:52.471,0.0884552,9.832169,-1.7965393
"8700",2015-06-15 10:30:52.492,0.15272522,9.783371,-1.7893982
"8701",2015-06-15 10:30:52.512,0.17652893,9.769089,-1.7608337
"8702",2015-06-15 10:30:52.530,0.119400024,9.7417145,-1.7989197
"8703",2015-06-15 10:30:52.551,0.078933716,9.734573,-1.8024902
"8704",2015-06-15 10:30:52.571,0.1134491,9.752426,-1.7298889
"8705",2015-06-15 10:30:52.591,0.08131409,9.766708,-1.7322693
"8706",2015-06-15 10:30:52.611,0.10392761,9.744095,-1.6929932
"8707",2015-06-15 10:30:52.630,0.11820984,9.822647,-1.7298889
"8708",2015-06-15 10:30:52.650,0.1051178,9.813126,-1.7834473
"8709",2015-06-15 10:30:52.670,0.1301117,9.769089,-1.8155823
"8710",2015-06-15 10:30:52.690,0.1789093,9.796463,-1.7917786
"8711",2015-06-15 10:30:52.710,0.16819763,9.783371,-1.7953491
"8712",2015-06-15 10:30:52.730,0.2039032,9.742905,-1.8060608
"8713",2015-06-15 10:30:52.749,0.2693634,9.7738495,-1.8429565
"8714",2015-06-15 10:30:52.769,0.22770691,9.77861,-1.8489075
"8715",2015-06-15 10:30:52.789,0.21699524,9.764328,-1.8810425
"8716",2015-06-15 10:30:52.809,0.1955719,9.729813,-1.8500977
"8717",2015-06-15 10:30:52.828,0.15153503,9.750046,-1.8381958
"8718",2015-06-15 10:30:52.871,0.1872406,9.809555,-1.8143921
"8719",2015-06-15 10:30:52.891,0.19795227,9.7548065,-1.8417664
"8720",2015-06-15 10:30:52.911,0.17771912,9.780991,-1.8429565
"8721",2015-06-15 10:30:52.930,0.14439392,9.788132,-1.833435
"8722",2015-06-15 10:30:52.950,0.13249207,9.783371,-1.7572632
"8723",2015-06-15 10:30:52.970,0.16938782,9.835739,-1.8036804
"8724",2015-06-15 10:30:52.990,0.2288971,9.757187,-1.807251
"8725",2015-06-15 10:30:53.009,0.20271301,9.802414,-1.7893982
"8726",2015-06-15 10:30:53.029,0.18486023,9.835739,-1.7929688
"8727",2015-06-15 10:30:53.049,0.20866394,9.769089,-1.7905884
"8728",2015-06-15 10:30:53.069,0.24079895,9.758377,-1.8096313
"8729",2015-06-15 10:30:53.089,0.25151062,9.782181,-1.8096313
"8730",2015-06-15 10:30:53.109,0.2205658,9.761948,-1.852478
"8731",2015-06-15 10:30:53.130,0.17414856,9.740524,-1.8298645
"8732",2015-06-15 10:30:53.150,0.19081116,9.726242,-1.8536682
"8733",2015-06-15 10:30:53.168,0.18367004,9.751236,-1.8167725
"8734",2015-06-15 10:30:53.188,0.2527008,9.832169,-1.7763062
"8735",2015-06-15 10:30:53.209,0.27174377,9.836929,-1.8251038
"8736",2015-06-15 10:30:53.229,0.25984192,9.814316,-1.8084412
"8737",2015-06-15 10:30:53.249,0.28245544,9.757187,-1.8667603
"8738",2015-06-15 10:30:53.269,0.253891,9.769089,-1.871521
"8739",2015-06-15 10:30:53.288,0.2443695,9.752426,-1.8739014
"8740",2015-06-15 10:30:53.308,0.20152283,9.717911,-1.9072266
"8741",2015-06-15 10:30:53.328,0.23008728,9.719101,-1.8988953
"8742",2015-06-15 10:30:53.348,0.21104431,9.727432,-1.852478
"8743",2015-06-15 10:30:53.368,0.20747375,9.752426,-1.8822327
"8744",2015-06-15 10:30:53.388,0.19795227,9.745285,-1.8739014
"8745",2015-06-15 10:30:53.407,0.21580505,9.709579,-1.884613
"8746",2015-06-15 10:30:53.427,0.1872406,9.657211,-1.9393616
"8747",2015-06-15 10:30:53.447,0.2039032,9.700058,-1.8869934
"8748",2015-06-15 10:30:53.467,0.17652893,9.771469,-1.9429321
"8749",2015-06-15 10:30:53.486,0.15629578,9.784561,-1.935791
"8750",2015-06-15 10:30:53.506,0.13725281,9.77861,-1.9334106
"8751",2015-06-15 10:30:53.526,0.21699524,9.792892,-1.8322449
"8752",2015-06-15 10:30:53.546,0.24198914,9.732193,-1.9143677
"8753",2015-06-15 10:30:53.566,0.20628357,9.7226715,-1.8917542
"8754",2015-06-15 10:30:53.586,0.14082336,9.761948,-1.8786621
"8755",2015-06-15 10:30:53.605,0.16343689,9.706009,-1.9453125
"8756",2015-06-15 10:30:53.625,0.19914246,9.731003,-1.9107971
"8757",2015-06-15 10:30:53.645,0.2122345,9.726242,-1.9381714
"8758",2015-06-15 10:30:53.665,0.20747375,9.745285,-1.8977051
"8759",2015-06-15 10:30:53.686,0.22532654,9.71553,-1.8429565
"8760",2015-06-15 10:30:53.706,0.20509338,9.766708,-1.8917542
"8761",2015-06-15 10:30:53.724,0.11225891,9.695297,-1.7774963
"8762",2015-06-15 10:30:53.744,0.11820984,9.770279,-1.7489319
"8763",2015-06-15 10:30:53.765,0.059890747,9.795273,-1.723938
"8764",2015-06-15 10:30:53.785,-0.0043792725,9.800034,-1.8822327
"8765",2015-06-15 10:30:53.805,-0.11982727,9.698868,-1.8096313
"8766",2015-06-15 10:30:53.825,-0.17933655,9.71434,-1.6846619
"8767",2015-06-15 10:30:53.845,-0.07460022,9.748856,-1.5632629
"8768",2015-06-15 10:30:53.864,0.03489685,10.024979,-1.4811401
"8769",2015-06-15 10:30:53.884,0.17652893,10.210648,-1.6644287
"8770",2015-06-15 10:30:53.904,0.121780396,9.992844,-1.7132263
"8771",2015-06-15 10:30:53.924,0.08369446,9.670303,-1.7965393
"8772",2015-06-15 10:30:53.944,-0.017471313,9.469162,-1.8774719
"8773",2015-06-15 10:30:53.963,-0.047225952,9.45607,-1.807251
"8774",2015-06-15 10:30:53.983,0.03489685,9.645309,-1.9762573
"8775",2015-06-15 10:30:54.003,0.33720398,9.210892,-2.263092
"8776",2015-06-15 10:30:54.023,0.715683,8.843124,-2.3535461
"8777",2015-06-15 10:30:54.042,0.72758484,9.306107,-2.3892517
"8778",2015-06-15 10:30:54.062,0.1955719,10.079727,-2.5439758
"8779",2015-06-15 10:30:54.082,0.0717926,9.634598,-2.096466
"8780",2015-06-15 10:30:54.101,-0.26145935,9.64769,-1.422821
"8781",2015-06-15 10:30:54.121,0.0801239,10.559372,-1.0740967
"8782",2015-06-15 10:30:54.141,0.2205658,11.1723175,-0.88604736
"8783",2015-06-15 10:30:54.161,0.21461487,11.12471,-0.999115
"8784",2015-06-15 10:30:54.181,-0.06864929,10.379654,-1.5323181
"8785",2015-06-15 10:30:54.201,0.27293396,9.314438,-1.7655945
"8786",2015-06-15 10:30:54.220,0.56333923,9.109726,-1.8536682
"8787",2015-06-15 10:30:54.240,0.6073761,9.041885,-1.8953247
"8788",2015-06-15 10:30:54.260,0.73591614,9.041885,-1.8965149
"8789",2015-06-15 10:30:54.280,0.72758484,9.115677,-1.9405518
"8790",2015-06-15 10:30:54.301,0.7323456,9.295395,-1.807251
"8791",2015-06-15 10:30:54.319,0.6311798,9.527481,-1.4371033
"8792",2015-06-15 10:30:54.339,0.46336365,9.772659,-1.3490295
"8793",2015-06-15 10:30:54.359,0.3514862,9.77623,-1.3371277
"8794",2015-06-15 10:30:54.380,0.28840637,9.748856,-1.275238
"8795",2015-06-15 10:30:54.400,0.37052917,9.660782,-1.2704773
"8796",2015-06-15 10:30:54.420,0.549057,9.653641,-1.5870667
"8797",2015-06-15 10:30:54.438,0.75257874,9.688156,-1.7465515
"8798",2015-06-15 10:30:54.459,0.84065247,9.686966,-1.9595947
"8799",2015-06-15 10:30:54.479,0.8561249,9.796463,-1.9810181
"8800",2015-06-15 10:30:54.499,1.1750946,9.910721,-1.8453369
"8801",2015-06-15 10:30:54.519,1.1286774,10.041641,-1.6834717
"8802",2015-06-15 10:30:54.538,0.7621002,10.349899,-1.281189
"8803",2015-06-15 10:30:54.558,0.8227997,10.5950775,-0.85510254
"8804",2015-06-15 10:30:54.578,1.2429352,10.734329,-0.44805908
"8805",2015-06-15 10:30:54.598,1.5012054,10.824783,-0.21002197
"8806",2015-06-15 10:30:54.618,0.9513397,11.461533,-0.87176514
"8807",2015-06-15 10:30:54.638,-0.8767853,12.302994,-1.9084167
"8808",2015-06-15 10:30:54.657,-1.4694977,12.383926,-2.3345032
"8809",2015-06-15 10:30:54.677,-1.6004181,12.079239,-3.0878906
"8810",2015-06-15 10:30:54.697,1.2857819,9.989273,-3.0676575
"8811",2015-06-15 10:30:54.717,2.852066,9.2799225,-2.942688
"8812",2015-06-15 10:30:54.736,3.2793427,8.727676,-3.230713
"8813",2015-06-15 10:30:54.756,2.9936981,7.9016876,-3.3652039
"8814",2015-06-15 10:30:54.776,1.8546906,7.943344,-3.2878418
"8815",2015-06-15 10:30:54.796,0.10630798,9.112106,-3.442566
"8816",2015-06-15 10:30:54.815,-0.6435089,9.833359,-3.4973145
"8817",2015-06-15 10:30:54.835,0.4181366,9.219223,-2.834381
"8818",2015-06-15 10:30:54.855,1.3786163,9.278732,-2.6118164
"8819",2015-06-15 10:30:54.875,1.2060394,9.498917,-2.5046997
"8820",2015-06-15 10:30:54.894,0.318161,9.056168,-2.2940369
"8821",2015-06-15 10:30:54.914,-0.16267395,9.021652,-2.1881104
"8822",2015-06-15 10:30:54.934,-0.06388855,9.068069,-2.2345276
"8823",2015-06-15 10:30:54.954,0.18367004,8.925247,-2.1440735
"8824",2015-06-15 10:30:54.973,0.24913025,8.743149,-2.127411
"8825",2015-06-15 10:30:54.993,-0.12339783,8.7026825,-1.8572388
"8826",2015-06-15 10:30:55.013,-0.48283386,8.927628,-1.7227478
"8827",2015-06-15 10:30:55.033,-0.56495667,9.2287445,-1.4989929
"8828",2015-06-15 10:30:55.053,-0.6351776,9.226364,-1.3240356
"8829",2015-06-15 10:30:55.073,-0.54234314,9.340622,-1.2502441
"8830",2015-06-15 10:30:55.092,-0.7434845,9.210892,-1.5335083
"8831",2015-06-15 10:30:55.112,-0.87797546,8.601517,-1.6656189
"8832",2015-06-15 10:30:55.132,-1.1731415,8.283737,-1.4942322
"8833",2015-06-15 10:30:55.153,-0.86369324,8.722916,-1.1585999
"8834",2015-06-15 10:30:55.173,-0.15315247,9.564377,-1.0514832
"8835",2015-06-15 10:30:55.193,-0.057937622,10.590317,-1.4680481
"8836",2015-06-15 10:30:55.211,0.2705536,10.717667,-1.1621704
"8837",2015-06-15 10:30:55.232,0.3526764,10.606979,0.8528137
"8838",2015-06-15 10:30:55.252,-0.996994,11.043777,1.5954895
"8839",2015-06-15 10:30:55.272,-0.88749695,13.293228,-1.0086365
"8840",2015-06-15 10:30:55.292,3.7780304,16.537674,-3.641327
"8841",2015-06-15 10:30:55.311,1.7499542,12.738602,-2.5570679
"8842",2015-06-15 10:30:55.331,-0.27574158,9.050217,-2.76297
"8843",2015-06-15 10:30:55.351,-3.0643463,9.015701,-1.3311768
"8844",2015-06-15 10:30:55.371,-2.011032,10.849777,-2.9831543
"8845",2015-06-15 10:30:55.391,-0.6685028,10.721237,-4.020996
"8846",2015-06-15 10:30:55.411,-0.35905457,9.289444,-4.829132
"8847",2015-06-15 10:30:55.430,-0.42570496,9.412033,-3.744873
"8848",2015-06-15 10:30:55.450,-0.9815216,9.717911,-2.8450928
"8849",2015-06-15 10:30:55.470,-1.3076324,9.214462,-2.8796082
"8850",2015-06-15 10:30:55.490,-0.68159485,9.002609,-2.6760864
"8851",2015-06-15 10:30:55.509,0.6085663,8.959763,-2.108368
"8852",2015-06-15 10:30:55.529,1.3607635,8.570572,-1.9988708
"8853",2015-06-15 10:30:55.549,1.6297455,8.480118,-1.9393616
"8854",2015-06-15 10:30:55.569,1.4262238,8.2408905,-2.0298157
"8855",2015-06-15 10:30:55.588,0.6335602,7.9921417,-1.9953003
"8856",2015-06-15 10:30:55.608,0.23484802,8.069504,-1.9607849
"8857",2015-06-15 10:30:55.628,0.3276825,8.180191,-1.9441223
"8858",2015-06-15 10:30:55.648,0.863266,8.36824,-1.9107971
"8859",2015-06-15 10:30:55.667,1.171524,8.932388,-1.5596924
"8860",2015-06-15 10:30:55.687,0.95014954,9.277542,-1.1764526
"8861",2015-06-15 10:30:55.707,0.549057,9.4917755,-0.9634094
"8862",2015-06-15 10:30:55.727,0.5002594,9.581039,-1.0038757
"8863",2015-06-15 10:30:55.746,1.0382233,8.831223,-1.3871155
"8864",2015-06-15 10:30:55.766,1.4286041,8.425369,-0.8979492
"8865",2015-06-15 10:30:55.786,1.3310089,9.19899,-0.6503906
"8866",2015-06-15 10:30:55.806,0.36695862,10.186844,-0.60040283
"8867",2015-06-15 10:30:55.826,-0.35072327,11.042587,-0.6289673
"8868",2015-06-15 10:30:55.846,0.0634613,11.094955,-0.18145752
"8869",2015-06-15 10:30:55.865,1.0870209,11.277054,-0.14099121
"8870",2015-06-15 10:30:55.885,-1.1719513,14.548874,-3.6913147
"8871",2015-06-15 10:30:55.905,-3.6546783,13.720505,-2.9081726
"8872",2015-06-15 10:30:55.926,0.06703186,11.857864,-4.117401
"8873",2015-06-15 10:30:55.946,3.788742,9.546524,-3.198578
"8874",2015-06-15 10:30:55.964,4.4338226,9.538193,-3.756775
"8875",2015-06-15 10:30:55.984,3.0401154,10.09758,-4.602997
"8876",2015-06-15 10:30:56.005,1.748764,10.251114,-3.6175232
"8877",2015-06-15 10:30:56.025,0.08369446,9.751236,-3.039093
"8878",2015-06-15 10:30:56.045,-0.14601135,9.13472,-2.3821106
"8879",2015-06-15 10:30:56.065,0.67878723,9.19899,-2.4380493
"8880",2015-06-15 10:30:56.084,0.94062805,9.235886,-2.2476196
"8881",2015-06-15 10:30:56.104,-0.009140015,8.75148,-1.916748
"8882",2015-06-15 10:30:56.124,-0.720871,8.731247,-1.7191772
"8883",2015-06-15 10:30:56.144,-0.7327728,9.022842,-1.8251038
"8884",2015-06-15 10:30:56.164,-0.5970917,8.934769,-1.7501221
"8885",2015-06-15 10:30:56.183,-0.48521423,8.636032,-1.7739258
"8886",2015-06-15 10:30:56.203,-0.34358215,8.650314,-1.7001343
"8887",2015-06-15 10:30:56.223,-0.24241638,8.62294,-1.7144165
"8888",2015-06-15 10:30:56.243,-0.23884583,8.506302,-1.3026123
"8889",2015-06-15 10:30:56.263,-0.33287048,8.788376,-0.73727417
"8890",2015-06-15 10:30:56.282,-0.65779114,8.628891,-1.1943054
"8891",2015-06-15 10:30:56.302,-0.8160858,8.294449,-1.1883545
"8892",2015-06-15 10:30:56.322,-0.7756195,8.265884,-0.50756836
"8893",2015-06-15 10:30:56.342,-1.1076813,9.018082,-0.24453735
"8894",2015-06-15 10:30:56.361,0.20033264,10.436783,-1.1621704
"8895",2015-06-15 10:30:56.381,0.85136414,10.570084,-2.558258
"8896",2015-06-15 10:30:56.401,0.8382721,9.752426,-0.0053100586
"8897",2015-06-15 10:30:56.421,0.10273743,10.170181,2.0120544
"8898",2015-06-15 10:30:56.440,-1.4599762,11.417496,1.9299316
"8899",2015-06-15 10:30:56.460,1.9522858,16.143723,-2.0952759
"8900",2015-06-15 10:30:56.480,4.340988,15.93782,-3.6306152
"8901",2015-06-15 10:30:56.500,1.9130096,10.949753,-4.128113
"8902",2015-06-15 10:30:56.519,-2.2645416,8.220657,-3.1902466
"8903",2015-06-15 10:30:56.539,-1.7063446,9.252548,-3.08313
"8904",2015-06-15 10:30:56.559,-2.1752777,10.698624,-4.4911194
"8905",2015-06-15 10:30:56.579,-3.286911,10.026169,-3.7865295
"8906",2015-06-15 10:30:56.599,-1.4540253,9.404892,-2.8950806
"8907",2015-06-15 10:30:56.619,0.12892151,9.52272,-2.4511414
"8908",2015-06-15 10:30:56.640,0.28245544,9.701248,-2.3761597
"8909",2015-06-15 10:30:56.658,0.6157074,9.246597,-1.9786377
"8910",2015-06-15 10:30:56.678,1.5012054,9.089493,-1.6882324
"8911",2015-06-15 10:30:56.698,1.8856354,9.003799,-1.5466003
"8912",2015-06-15 10:30:56.719,1.9998932,8.6705475,-1.4978027
"8913",2015-06-15 10:30:56.737,1.550003,8.361099,-1.3823547
"8914",2015-06-15 10:30:56.757,0.5657196,8.298019,-1.4597168
"8915",2015-06-15 10:30:56.778,0.30625916,7.929062,-1.3621216
"8916",2015-06-15 10:30:56.798,0.087265015,8.098068,-1.0895691
"8917",2015-06-15 10:30:56.818,0.9537201,8.23494,-1.1395569
"8918",2015-06-15 10:30:56.838,0.98228455,8.5550995,-0.999115
"8919",2015-06-15 10:30:56.857,0.9120636,8.62056,-1.1776428
"8920",2015-06-15 10:30:56.877,0.61808777,8.217087,-1.191925
"8921",2015-06-15 10:30:56.897,0.9049225,8.195663,-0.6837158
"8922",2015-06-15 10:30:56.917,1.0310822,9.450119,-0.33737183
"8923",2015-06-15 10:30:56.937,-0.30311584,10.892624,-0.7194214
"8924",2015-06-15 10:30:56.956,-0.77204895,11.361557,-0.58135986
"8925",2015-06-15 10:30:56.976,-0.37452698,11.441299,0.08633423
"8926",2015-06-15 10:30:56.996,1.5023956,11.82692,0.85162354
"8927",2015-06-15 10:30:57.016,-0.9065399,14.595291,-3.6151428
"8928",2015-06-15 10:30:57.036,-3.8593903,14.232285,-3.1390686
"8929",2015-06-15 10:30:57.055,-0.9303436,12.564835,-4.674408
"8930",2015-06-15 10:30:57.075,3.717331,8.962143,-3.372345
"8931",2015-06-15 10:30:57.095,4.0303497,9.001419,-3.7901
"8932",2015-06-15 10:30:57.115,3.7066193,10.079727,-3.5687256
"8933",2015-06-15 10:30:57.134,1.8035126,11.344894,-3.1212158
"8934",2015-06-15 10:30:57.154,-0.7089691,10.587936,-2.8569946
"8935",2015-06-15 10:30:57.174,-0.5554352,9.354904,-2.2452393
"8936",2015-06-15 10:30:57.194,0.6668854,8.921677,-1.9274597
"8937",2015-06-15 10:30:57.213,0.69306946,8.442032,-1.6489563
"8938",2015-06-15 10:30:57.233,-0.34953308,8.17067,-1.4894714
"8939",2015-06-15 10:30:57.253,-1.2052765,8.568192,-1.4680481
"8940",2015-06-15 10:30:57.273,-1.4361725,8.633652,-1.6168213
"8941",2015-06-15 10:30:57.293,-1.1695709,8.414658,-1.3894958
"8942",2015-06-15 10:30:57.312,-0.20433044,8.3004,-1.0479126
"8943",2015-06-15 10:30:57.332,0.70973206,8.433701,-1.1407471
"8944",2015-06-15 10:30:57.352,0.90730286,8.55867,-0.88009644
"8945",2015-06-15 10:30:57.372,0.23484802,8.782425,-0.50161743
"8946",2015-06-15 10:30:57.392,-0.4209442,8.68721,-0.95150757
"8947",2015-06-15 10:30:57.411,-0.5268707,8.263504,-0.6682434
"8948",2015-06-15 10:30:57.431,-0.43998718,8.189713,-0.37069702
"8949",2015-06-15 10:30:57.451,-1.0088959,9.096634,-0.74679565
"8950",2015-06-15 10:30:57.471,0.47169495,10.4474945,-0.9336548
"8951",2015-06-15 10:30:57.492,1.4452667,10.441544,-1.6120605
"8952",2015-06-15 10:30:57.512,1.1988983,9.7417145,1.8751831
"8953",2015-06-15 10:30:57.530,-0.8256073,10.278488,2.9499207
"8954",2015-06-15 10:30:57.551,-2.06102,12.14946,2.310791
"8955",2015-06-15 10:30:57.571,4.7277985,18.68834,-5.233795
"8956",2015-06-15 10:30:57.591,4.3552704,14.477463,-4.898163
"8957",2015-06-15 10:30:57.611,0.28364563,8.791946,-4.7993774
"8958",2015-06-15 10:30:57.630,-1.6956329,8.520584,-4.2530823
"8959",2015-06-15 10:30:57.651,-1.9919891,11.8293,-4.8077087
"8960",2015-06-15 10:30:57.670,-3.2214508,11.428207,-4.2304688
"8961",2015-06-15 10:30:57.690,-1.8110809,9.90715,-3.231903
"8962",2015-06-15 10:30:57.710,0.07060242,9.861923,-2.987915
"8963",2015-06-15 10:30:57.730,0.47883606,9.20137,-2.371399
"8964",2015-06-15 10:30:57.750,0.35386658,8.714584,-2.2035828
"8965",2015-06-15 10:30:57.769,0.9608612,8.284927,-1.5561218
"8966",2015-06-15 10:30:57.789,1.5476227,7.9838104,-1.5204163
"8967",2015-06-15 10:30:57.809,1.8499298,8.199234,-1.4144897
"8968",2015-06-15 10:30:57.828,1.3321991,8.014755,-1.5097046
"8969",2015-06-15 10:30:57.848,0.48597717,7.832657,-1.525177
"8970",2015-06-15 10:30:57.868,0.07060242,7.757675,-1.6251526
"8971",2015-06-15 10:30:57.888,0.16938782,7.9850006,-1.4013977
"8972",2015-06-15 10:30:57.907,0.89064026,8.386093,-1.0241089
"8973",2015-06-15 10:30:57.927,0.7454376,9.07283,-0.81225586
"8974",2015-06-15 10:30:57.947,0.7037811,8.88121,-0.6872864
"8975",2015-06-15 10:30:57.967,0.57167053,8.384903,-1.0657654
"8976",2015-06-15 10:30:57.986,0.97395325,8.1064,-0.3730774
"8977",2015-06-15 10:30:58.006,1.2953033,9.365616,0.1541748
"8978",2015-06-15 10:30:58.026,-0.043655396,10.745041,-0.5432739
"8979",2015-06-15 10:30:58.046,-0.83631897,11.196121,-0.7087097
"8980",2015-06-15 10:30:58.066,-0.58638,11.036636,-0.22787476
"8981",2015-06-15 10:30:58.086,1.1643829,10.764084,0.43267822
"8982",2015-06-15 10:30:58.105,-0.5459137,13.824051,-3.757965
"8983",2015-06-15 10:30:58.125,-4.1997833,13.931168,-3.3128357
"8984",2015-06-15 10:30:58.145,-0.34120178,12.702896,-5.727722
"8985",2015-06-15 10:30:58.165,3.819687,9.451309,-4.2364197
"8986",2015-06-15 10:30:58.186,4.9194183,10.165421,-3.8912659
"8987",2015-06-15 10:30:58.204,4.0160675,11.770981,-4.0245667
"8988",2015-06-15 10:30:58.224,1.3512421,11.661484,-2.8236694
"8989",2015-06-15 10:30:58.244,-1.8003693,10.343948,-2.63562
"8990",2015-06-15 10:30:58.265,-1.5349579,9.855972,-2.108368
"8991",2015-06-15 10:30:58.285,0.48597717,9.151382,-1.8441467
"8992",2015-06-15 10:30:58.305,0.71687317,8.577713,-1.6775208
"8993",2015-06-15 10:30:58.323,-0.55900574,8.289688,-1.6632385
"8994",2015-06-15 10:30:58.344,-1.2885895,8.43013,-1.6763306
"8995",2015-06-15 10:30:58.364,-1.4159393,8.265884,-1.3871155
"8996",2015-06-15 10:30:58.384,-1.2231293,7.91716,-1.4882813
"8997",2015-06-15 10:30:58.404,-0.6292267,7.8493195,-1.5025635
"8998",2015-06-15 10:30:58.423,0.03489685,7.9659576,-1.5549316
"8999",2015-06-15 10:30:58.443,0.10273743,8.040939,-1.5323181
"9000",2015-06-15 10:30:58.463,-0.25550842,7.6505585,-1.7156067
"9001",2015-06-15 10:30:58.483,-0.37095642,7.538681,-1.3347473
"9002",2015-06-15 10:30:58.503,-0.30549622,8.11235,-0.39569092
"9003",2015-06-15 10:30:58.523,-0.9636688,8.894302,-0.44210815
"9004",2015-06-15 10:30:58.542,-0.6113739,10.318954,-1.2335815
"9005",2015-06-15 10:30:58.562,1.2845917,11.405594,-1.2442932
"9006",2015-06-15 10:30:58.582,2.222458,11.068771,-0.33499146
"9007",2015-06-15 10:30:58.601,0.86683655,10.336807,2.3143616
"9008",2015-06-15 10:30:58.621,-1.3123932,11.098526,3.1677246
"9009",2015-06-15 10:30:58.641,0.91563416,16.06874,-2.0095825
"9010",2015-06-15 10:30:58.661,5.4645233,16.854263,-4.5768127
"9011",2015-06-15 10:30:58.680,1.260788,10.174942,-4.232849
"9012",2015-06-15 10:30:58.700,-2.3300018,8.159958,-3.6663208
"9013",2015-06-15 10:30:58.720,-2.215744,8.715775,-3.7020264
"9014",2015-06-15 10:30:58.740,-2.3169098,10.891434,-4.4649353
"9015",2015-06-15 10:30:58.760,-2.247879,10.9735565,-3.6306152
"9016",2015-06-15 10:30:58.779,0.170578,9.744095,-2.6939392
"9017",2015-06-15 10:30:58.799,1.6464081,9.934525,-2.1869202
"9018",2015-06-15 10:30:58.819,0.9203949,9.96785,-2.2012024
"9019",2015-06-15 10:30:58.839,0.7073517,9.351334,-2.127411
"9020",2015-06-15 10:30:58.859,1.357193,8.780045,-2.0500488
"9021",2015-06-15 10:30:58.880,1.7201996,8.371811,-2.0714722
"9022",2015-06-15 10:30:58.898,2.2129364,8.43132,-1.7441711
"9023",2015-06-15 10:30:58.918,1.9844208,8.346817,-1.6227722
"9024",2015-06-15 10:30:58.938,0.9537201,8.092117,-1.6763306
"9025",2015-06-15 10:30:58.959,0.6490326,7.59581,-1.7310791
"9026",2015-06-15 10:30:58.979,0.22175598,7.4648895,-1.710846
"9027",2015-06-15 10:30:58.997,0.93229675,7.9909515,-1.3276062
"9028",2015-06-15 10:30:59.017,1.6475983,8.449173,-1.1931152
"9029",2015-06-15 10:30:59.038,1.4785919,8.230179,-1.4382935
"9030",2015-06-15 10:30:59.058,1.1917572,7.808853,-1.7358398
"9031",2015-06-15 10:30:59.078,1.0441742,7.8052826,-0.5801697
"9032",2015-06-15 10:30:59.098,0.75971985,9.191849,-0.060058594
"9033",2015-06-15 10:30:59.117,0.25151062,10.956894,-0.55874634
"9034",2015-06-15 10:30:59.137,-0.9660492,11.690048,-0.4373474
"9035",2015-06-15 10:30:59.157,-0.35310364,11.304428,0.8956604
"9036",2015-06-15 10:30:59.177,2.3033905,10.5629425,1.2372437
"9037",2015-06-15 10:30:59.197,0.45503235,12.974258,-2.8296204
"9038",2015-06-15 10:30:59.216,-4.2723846,15.29274,-2.9319763
"9039",2015-06-15 10:30:59.236,-1.843216,13.569351,-5.8276978
"9040",2015-06-15 10:30:59.256,3.0996246,9.170425,-4.712494
"9041",2015-06-15 10:30:59.276,4.3683624,10.058304,-3.5925293
"9042",2015-06-15 10:30:59.296,4.358841,11.7495575,-3.673462
"9043",2015-06-15 10:30:59.315,2.4783478,11.884048,-2.7320251
"9044",2015-06-15 10:30:59.335,-0.58161926,10.861679,-2.5368347
"9045",2015-06-15 10:30:59.355,-1.6361237,10.008316,-2.454712
"9046",2015-06-15 10:30:59.375,-0.39476013,9.082352,-1.935791
"9047",2015-06-15 10:30:59.394,-0.3138275,8.232559,-1.7263184
"9048",2015-06-15 10:30:59.414,-0.8672638,8.231369,-1.54422
"9049",2015-06-15 10:30:59.434,-1.3326263,8.270645,-1.4073486
"9050",2015-06-15 10:30:59.453,-1.3457184,8.196854,-1.3311768
"9051",2015-06-15 10:30:59.473,-0.87797546,7.987381,-1.4430542
"9052",2015-06-15 10:30:59.493,-0.52568054,7.9016876,-1.4406738
"9053",2015-06-15 10:30:59.513,-0.099594116,7.7612457,-1.5037537
"9054",2015-06-15 10:30:59.533,0.24794006,7.935013,-1.0229187
"9055",2015-06-15 10:30:59.552,0.11701965,8.233749,-0.78726196
"9056",2015-06-15 10:30:59.572,0.0015716553,8.2730255,-0.3480835
"9057",2015-06-15 10:30:59.592,0.05393982,8.614609,-0.45162964
"9058",2015-06-15 10:30:59.612,-0.30906677,8.905014,0.038726807
"9059",2015-06-15 10:30:59.632,-0.5780487,9.834549,-1.3656921
"9060",2015-06-15 10:30:59.651,1.094162,10.93428,-1.4394836
"9061",2015-06-15 10:30:59.671,1.4821625,10.464157,-1.3894958
"9062",2015-06-15 10:30:59.691,0.93348694,10.049973,1.438385
"9063",2015-06-15 10:30:59.711,-0.9815216,10.251114,3.0201416
"9064",2015-06-15 10:30:59.732,-1.413559,12.613632,2.002533
"9065",2015-06-15 10:30:59.752,5.1253204,19.109665,-5.470642
"9066",2015-06-15 10:30:59.770,4.019638,12.815964,-4.56015
"9067",2015-06-15 10:30:59.790,0.1955719,8.671738,-4.7946167
"9068",2015-06-15 10:30:59.811,-2.5466156,8.275406,-3.744873
"9069",2015-06-15 10:30:59.831,-2.4299774,11.237778,-4.6779785
"9070",2015-06-15 10:30:59.849,-2.946518,11.728134,-4.1507263
"9071",2015-06-15 10:30:59.869,-0.7756195,9.872635,-3.2390442
"9072",2015-06-15 10:30:59.890,1.4286041,10.135666,-2.7915344
"9073",2015-06-15 10:30:59.910,1.3833771,9.556046,-2.4535217
"9074",2015-06-15 10:30:59.930,0.5157318,8.869308,-2.4535217
"9075",2015-06-15 10:30:59.950,0.831131,8.444412,-1.9131775
"9076",2015-06-15 10:30:59.969,1.3512421,8.293259,-1.8572388
"9077",2015-06-15 10:30:59.989,2.2760162,8.278976,-1.7525024
"9078",2015-06-15 10:31:00.009,1.9141998,8.129013,-1.6751404
"9079",2015-06-15 10:31:00.029,1.1024933,8.194473,-1.8869934
"9080",2015-06-15 10:31:00.049,0.5252533,7.937393,-1.8239136
"9081",2015-06-15 10:31:00.068,-0.18766785,7.9314423,-1.8191528
"9082",2015-06-15 10:31:00.088,0.84065247,8.104019,-1.493042
"9083",2015-06-15 10:31:00.108,0.79185486,8.763382,-0.95150757
"9084",2015-06-15 10:31:00.128,0.8049469,8.614609,-0.7920227
"9085",2015-06-15 10:31:00.148,0.6990204,8.083786,-1.178833
"9086",2015-06-15 10:31:00.167,0.8287506,7.6636505,-0.76345825
"9087",2015-06-15 10:31:00.187,1.6452179,8.30397,0.44934082
"9088",2015-06-15 10:31:00.207,0.7466278,10.446304,-0.67300415
"9089",2015-06-15 10:31:00.226,-0.60780334,11.720993,-0.5516052
"9090",2015-06-15 10:31:00.246,-1.9765167,11.531754,-0.6860962
"9091",2015-06-15 10:31:00.266,-0.6363678,10.779556,0.8944702
"9092",2015-06-15 10:31:00.286,1.7106781,11.373459,-0.6587219
"9093",2015-06-15 10:31:00.305,-2.2359772,13.825241,-4.4589844
"9094",2015-06-15 10:31:00.325,-2.2335968,13.261093,-3.9960022
"9095",2015-06-15 10:31:00.345,0.6395111,11.562698,-3.577057
"9096",2015-06-15 10:31:00.365,3.9268036,8.81575,-3.5056458
"9097",2015-06-15 10:31:00.385,4.039871,10.126144,-4.11145
"9098",2015-06-15 10:31:00.404,3.410263,11.199692,-3.6520386
"9099",2015-06-15 10:31:00.424,0.9430084,11.231827,-2.6998901
"9100",2015-06-15 10:31:00.444,-1.2505035,10.279678,-2.4023438
"9101",2015-06-15 10:31:00.464,-0.79585266,9.877396,-2.1452637
"9102",2015-06-15 10:31:00.484,0.119400024,9.307297,-1.8405762
"9103",2015-06-15 10:31:00.505,-0.20909119,8.962143,-1.4835205
"9104",2015-06-15 10:31:00.523,-0.8910675,8.994278,-1.4025879
"9105",2015-06-15 10:31:00.543,-1.1457672,9.034744,-1.2228699
"9106",2015-06-15 10:31:00.563,-1.1802826,8.633652,-1.1431274
"9107",2015-06-15 10:31:00.584,-0.89582825,8.442032,-1.5204163
"9108",2015-06-15 10:31:00.604,-0.69706726,8.194473,-1.4216309
"9109",2015-06-15 10:31:00.622,-0.4138031,8.218277,-1.4002075
"9110",2015-06-15 10:31:00.642,-0.12696838,8.462265,-1.1609802
"9111",2015-06-15 10:31:00.663,-0.21147156,8.626511,-0.68966675
"9112",2015-06-15 10:31:00.683,-0.2412262,8.181381,-0.9729309
"9113",2015-06-15 10:31:00.703,-0.21980286,7.8052826,-1.1621704
"9114",2015-06-15 10:31:00.723,-0.13648987,8.165909,-0.22906494
"9115",2015-06-15 10:31:00.742,-0.29478455,9.420364,-0.75393677
"9116",2015-06-15 10:31:00.762,0.9620514,10.773605,-1.710846
"9117",2015-06-15 10:31:00.782,1.427414,10.489151,-2.140503
"9118",2015-06-15 10:31:00.802,0.93348694,10.1523285,0.89089966
"9119",2015-06-15 10:31:00.821,-0.8398895,10.385605,3.1558228
"9120",2015-06-15 10:31:00.841,-1.3088226,12.765976,1.3431702
"9121",2015-06-15 10:31:00.861,4.7742157,17.882584,-4.128113
"9122",2015-06-15 10:31:00.881,5.1134186,14.453659,-4.629181
"9123",2015-06-15 10:31:00.901,-0.11387634,8.105209,-4.405426
"9124",2015-06-15 10:31:00.921,-3.0345917,8.143295,-2.2059631
"9125",2015-06-15 10:31:00.940,-2.5787506,10.935471,-4.5875244
"9126",2015-06-15 10:31:00.960,-3.120285,10.772415,-4.6708374
"9127",2015-06-15 10:31:00.980,-1.8360748,9.308487,-3.064087
"9128",2015-06-15 10:31:01.000,0.36457825,9.90477,-2.654663
"9129",2015-06-15 10:31:01.019,1.3809967,9.780991,-2.4773254
"9130",2015-06-15 10:31:01.039,0.90730286,9.4275055,-2.2023926
"9131",2015-06-15 10:31:01.059,0.86564636,9.153763,-1.7870178
"9132",2015-06-15 10:31:01.078,1.4750214,8.851456,-1.8251038
"9133",2015-06-15 10:31:01.098,1.8808746,8.681259,-1.775116
"9134",2015-06-15 10:31:01.118,1.6345062,8.545578,-1.5287476
"9135",2015-06-15 10:31:01.138,1.5023956,8.696732,-1.3799744
"9136",2015-06-15 10:31:01.157,0.76805115,8.451553,-1.4787598
"9137",2015-06-15 10:31:01.177,0.14677429,8.375381,-1.3335571
"9138",2015-06-15 10:31:01.197,1.0096588,8.202805,-1.4371033
"9139",2015-06-15 10:31:01.217,0.9358673,8.463455,-1.1098022
"9140",2015-06-15 10:31:01.237,1.0846405,8.378952,-1.114563
"9141",2015-06-15 10:31:01.256,0.9941864,8.024277,-1.6037292
"9142",2015-06-15 10:31:01.276,1.056076,7.5232086,-1.5394592
"9143",2015-06-15 10:31:01.296,1.3524323,7.835037,-0.59921265
"9144",2015-06-15 10:31:01.316,0.73591614,9.571518,0.05657959
"9145",2015-06-15 10:31:01.336,-0.8351288,11.212784,-0.7741699
"9146",2015-06-15 10:31:01.357,-1.5135345,11.624588,-0.62420654
"9147",2015-06-15 10:31:01.377,-1.0148468,11.773361,0.30651855
"9148",2015-06-15 10:31:01.395,-0.8398895,13.381302,-1.7525024
"9149",2015-06-15 10:31:01.415,-3.4690094,13.699081,-3.6187134
"9150",2015-06-15 10:31:01.436,-1.16362,12.612442,-4.0995483
"9151",2015-06-15 10:31:01.456,2.7925568,10.621262,-3.0617065
"9152",2015-06-15 10:31:01.474,5.308609,9.2287445,-2.9212646
"9153",2015-06-15 10:31:01.494,4.187454,10.128525,-4.0424194
"9154",2015-06-15 10:31:01.515,2.3307648,10.643875,-3.6341858
"9155",2015-06-15 10:31:01.535,0.026565552,10.48439,-3.1961975
"9156",2015-06-15 10:31:01.555,-1.1172028,10.176132,-2.5820618
"9157",2015-06-15 10:31:01.575,-0.5387726,9.673874,-2.096466
"9158",2015-06-15 10:31:01.595,0.09202576,9.07045,-2.019104
"9159",2015-06-15 10:31:01.614,-0.4626007,8.958572,-1.7417908
"9160",2015-06-15 10:31:01.634,-1.176712,9.033554,-1.3466492
"9161",2015-06-15 10:31:01.654,-1.0969696,8.966904,-1.1966858
"9162",2015-06-15 10:31:01.674,-1.0707855,8.68721,-1.2228699
"9163",2015-06-15 10:31:01.693,-0.69706726,8.601517,-1.2514343
"9164",2015-06-15 10:31:01.713,-0.4804535,8.640793,-1.2907104
"9165",2015-06-15 10:31:01.733,-0.34239197,8.633652,-1.5049438
"9166",2015-06-15 10:31:01.753,-0.065078735,8.461075,-1.4882813
"9167",2015-06-15 10:31:01.773,-0.17219543,8.482498,-1.2478638
"9168",2015-06-15 10:31:01.792,-0.28407288,8.058792,-1.3478394
"9169",2015-06-15 10:31:01.812,-0.075790405,8.015945,-1.2561951
"9170",2015-06-15 10:31:01.832,-0.39237976,8.2397,-0.37069702
"9171",2015-06-15 10:31:01.851,-0.12220764,9.179947,-0.24691772
"9172",2015-06-15 10:31:01.871,0.7371063,10.786697,-0.52423096
"9173",2015-06-15 10:31:01.891,1.3048248,11.329422,-1.5180359
"9174",2015-06-15 10:31:01.911,1.5761871,10.772415,0.6326294
"9175",2015-06-15 10:31:01.930,-0.31263733,10.178513,2.5452576
"9176",2015-06-15 10:31:01.950,0.028945923,12.811203,0.84210205
"9177",2015-06-15 10:31:01.970,4.155319,16.218704,-3.3973389
"9178",2015-06-15 10:31:01.990,3.2722015,13.533646,-3.6913147
"9179",2015-06-15 10:31:02.010,-0.07221985,9.77742,-3.6306152
"9180",2015-06-15 10:31:02.029,-3.0000763,9.165665,-2.5665894
"9181",2015-06-15 10:31:02.049,-2.2443085,10.695053,-3.6782227
"9182",2015-06-15 10:31:02.069,-1.8194122,10.360611,-4.617279
"9183",2015-06-15 10:31:02.089,-1.2612152,9.191849,-3.7079773
"9184",2015-06-15 10:31:02.109,-0.060317993,9.45726,-2.9260254
"9185",2015-06-15 10:31:02.130,0.62879944,9.791702,-2.6189575
"9186",2015-06-15 10:31:02.148,0.40742493,9.432266,-2.5975342
"9187",2015-06-15 10:31:02.168,0.8882599,8.777664,-2.12146
"9188",2015-06-15 10:31:02.188,1.4440765,8.87645,-1.775116
"9189",2015-06-15 10:31:02.209,2.1367645,8.746719,-1.6513367
"9190",2015-06-15 10:31:02.229,2.248642,8.641983,-1.6810913
"9191",2015-06-15 10:31:02.247,1.7285309,8.350388,-1.7060852
"9192",2015-06-15 10:31:02.267,0.90849304,8.205185,-1.8703308
"9193",2015-06-15 10:31:02.288,0.8370819,8.143295,-1.9964905
"9194",2015-06-15 10:31:02.308,0.9215851,8.215897,-1.8155823
"9195",2015-06-15 10:31:02.328,0.67759705,8.68483,-1.3894958
"9196",2015-06-15 10:31:02.348,0.8620758,8.906204,-0.7753601
"9197",2015-06-15 10:31:02.368,0.55381775,9.031174,-0.60040283
"9198",2015-06-15 10:31:02.387,0.33958435,8.691971,-0.7598877
"9199",2015-06-15 10:31:02.407,0.47050476,8.186142,-0.58255005
"9200",2015-06-15 10:31:02.427,1.2179413,8.853836,0.2624817
"9201",2015-06-15 10:31:02.447,0.22770691,10.252304,-0.9336548
"9202",2015-06-15 10:31:02.466,-0.5970917,10.762894,-0.73965454
"9203",2015-06-15 10:31:02.486,-0.438797,10.823593,-1.0348206
"9204",2015-06-15 10:31:02.506,0.4919281,10.501053,0.033966064
"9205",2015-06-15 10:31:02.526,1.8154144,11.154465,-0.86224365
"9206",2015-06-15 10:31:02.546,-2.3466644,13.289658,-3.8162842
"9207",2015-06-15 10:31:02.565,-2.3728485,13.75264,-2.5023193
"9208",2015-06-15 10:31:02.585,-0.6542206,12.571976,-3.6877441
"9209",2015-06-15 10:31:02.605,3.6685333,9.096634,-2.9129333
"9210",2015-06-15 10:31:02.625,3.916092,9.166855,-4.1257324
"9211",2015-06-15 10:31:02.644,3.384079,9.915482,-4.310211
"9212",2015-06-15 10:31:02.664,1.40242,10.923569,-2.7153625
"9213",2015-06-15 10:31:02.684,-0.6030426,10.386795,-2.5487366
"9214",2015-06-15 10:31:02.703,-0.63993835,9.769089,-2.1845398
"9215",2015-06-15 10:31:02.723,0.52763367,9.283493,-1.9060364
"9216",2015-06-15 10:31:02.743,0.34791565,9.158524,-1.788208
"9217",2015-06-15 10:31:02.763,-0.43403625,9.254929,-1.5513611
"9218",2015-06-15 10:31:02.783,-0.76252747,9.288254,-1.4394836
"9219",2015-06-15 10:31:02.802,-0.95295715,8.793137,-1.4716187
"9220",2015-06-15 10:31:02.822,-0.71492004,8.533676,-1.460907
"9221",2015-06-15 10:31:02.842,-0.3899994,8.5229645,-1.5489807
"9222",2015-06-15 10:31:02.862,-0.10197449,8.426559,-1.6525269
"9223",2015-06-15 10:31:02.882,0.10749817,8.507492,-1.6787109
"9224",2015-06-15 10:31:02.901,0.11463928,8.730057,-1.364502
"9225",2015-06-15 10:31:02.921,-0.035324097,8.743149,-1.1038513
"9226",2015-06-15 10:31:02.941,-0.2650299,8.274216,-1.313324
"9227",2015-06-15 10:31:02.961,-0.024612427,8.030228,-1.4454346
"9228",2015-06-15 10:31:02.982,-0.12696838,8.259933,0.122039795
"9229",2015-06-15 10:31:03.002,-0.34477234,9.165665,-0.45758057
"9230",2015-06-15 10:31:03.022,0.91444397,11.039017,-1.2835693
"9231",2015-06-15 10:31:03.040,1.5476227,11.136612,-1.7477417
"9232",2015-06-15 10:31:03.061,1.4071808,10.408218,0.67071533
"9233",2015-06-15 10:31:03.081,-0.06626892,10.313004,2.1322632
"9234",2015-06-15 10:31:03.101,0.7870941,13.516983,-0.67300415
"9235",2015-06-15 10:31:03.121,4.80159,15.390335,-3.1212158
"9236",2015-06-15 10:31:03.140,3.0294037,12.448196,-3.8960266
"9237",2015-06-15 10:31:03.160,-0.95176697,9.3918,-3.5342102
"9238",2015-06-15 10:31:03.180,-3.3845062,9.300156,-2.2976074
"9239",2015-06-15 10:31:03.200,-2.2252655,10.559372,-3.9353027
"9240",2015-06-15 10:31:03.220,-1.5849457,10.523666,-4.789856
"9241",2015-06-15 10:31:03.240,-0.56733704,9.417984,-3.936493
"9242",2015-06-15 10:31:03.259,0.9346771,9.701248,-2.8427124
"9243",2015-06-15 10:31:03.279,1.0179901,9.506058,-2.2297668
"9244",2015-06-15 10:31:03.299,0.3681488,9.475113,-2.257141
"9245",2015-06-15 10:31:03.319,0.34196472,9.244217,-1.7406006
"9246",2015-06-15 10:31:03.338,1.2500763,9.00856,-1.5989685
"9247",2015-06-15 10:31:03.358,1.6690216,8.927628,-1.5489807
"9248",2015-06-15 10:31:03.378,2.1534271,8.764572,-1.4597168
"9249",2015-06-15 10:31:03.398,1.2714996,8.630081,-1.4156799
"9250",2015-06-15 10:31:03.417,0.62046814,8.49202,-1.4335327
"9251",2015-06-15 10:31:03.437,0.56214905,8.164719,-1.4049683
"9252",2015-06-15 10:31:03.457,0.48835754,8.203995,-1.3704529
"9253",2015-06-15 10:31:03.476,0.5585785,8.424179,-1.0871887
"9254",2015-06-15 10:31:03.496,1.6404572,8.864548,-0.5777893
"9255",2015-06-15 10:31:03.516,1.1941376,9.063309,-0.7122803
"9256",2015-06-15 10:31:03.536,1.0096588,8.5039215,-1.1395569
"9257",2015-06-15 10:31:03.556,0.9370575,7.802902,-1.2062073
"9258",2015-06-15 10:31:03.576,1.2072296,8.10759,-0.3159485
"9259",2015-06-15 10:31:03.596,0.32411194,9.90834,-0.89556885
"9260",2015-06-15 10:31:03.615,-0.2733612,11.323471,-1.1752625
"9261",2015-06-15 10:31:03.635,0.18962097,11.054489,-0.69085693
"9262",2015-06-15 10:31:03.655,0.85017395,10.834305,0.5885925
"9263",2015-06-15 10:31:03.676,0.6585541,12.9361725,-1.9976807
"9264",2015-06-15 10:31:03.696,-2.305008,13.537216,-2.108368
"9265",2015-06-15 10:31:03.714,-2.7703705,13.932358,-3.1366882
"9266",2015-06-15 10:31:03.734,1.5464325,11.002121,-3.6020508
"9267",2015-06-15 10:31:03.755,4.886093,9.213272,-2.6189575
"9268",2015-06-15 10:31:03.775,3.9720306,9.959518,-4.1400146
"9269",2015-06-15 10:31:03.795,2.3224335,9.83931,-3.5627747
"9270",2015-06-15 10:31:03.815,1.1417694,10.247543,-2.7593994
"9271",2015-06-15 10:31:03.834,0.030136108,10.373703,-2.5927734
"9272",2015-06-15 10:31:03.854,0.22532654,10.309433,-2.0488586
"9273",2015-06-15 10:31:03.874,0.64546204,9.744095,-1.8536682
"9274",2015-06-15 10:31:03.894,0.09321594,9.168045,-1.6489563
"9275",2015-06-15 10:31:03.913,-0.3650055,9.194229,-1.4121094
"9276",2015-06-15 10:31:03.933,-0.5387726,9.090683,-1.2145386
"9277",2015-06-15 10:31:03.953,-0.6173248,8.806229,-1.1824036
"9278",2015-06-15 10:31:03.973,-0.5054474,8.726486,-1.4359131
"9279",2015-06-15 10:31:03.993,-0.53401184,8.663406,-1.6358643
"9280",2015-06-15 10:31:04.013,-0.6113739,8.426559,-1.6251526
"9281",2015-06-15 10:31:04.032,-0.36262512,8.408707,-1.6418152
"9282",2015-06-15 10:31:04.052,-0.035324097,8.400375,-1.1538391
"9283",2015-06-15 10:31:04.072,-0.023422241,8.465836,-0.90390015
"9284",2015-06-15 10:31:04.092,0.044418335,8.392044,-0.74560547
"9285",2015-06-15 10:31:04.111,0.12297058,8.42894,-0.8396301
"9286",2015-06-15 10:31:04.131,-0.1591034,9.026413,0.4767151
"9287",2015-06-15 10:31:04.151,-0.15791321,9.96904,-0.34570313
"9288",2015-06-15 10:31:04.171,1.2346039,11.055679,-1.1669312
"9289",2015-06-15 10:31:04.190,1.0227509,10.4796295,-1.6632385
"9290",2015-06-15 10:31:04.210,0.91682434,10.35228,1.0134888
"9291",2015-06-15 10:31:04.230,-0.78871155,10.261826,2.0775146
"9292",2015-06-15 10:31:04.250,-1.3742828,12.317276,1.3395996
"9293",2015-06-15 10:31:04.269,3.832779,15.505783,-3.988861
"9294",2015-06-15 10:31:04.289,3.2852936,12.249435,-2.923645
"9295",2015-06-15 10:31:04.309,1.9725189,10.837875,-4.3947144
"9296",2015-06-15 10:31:04.329,-2.4954376,8.443222,-2.50589
"9297",2015-06-15 10:31:04.349,-2.041977,9.638168,-3.2330933
"9298",2015-06-15 10:31:04.369,-1.9967499,10.305862,-3.8638916
"9299",2015-06-15 10:31:04.388,-1.6849213,10.086868,-3.3580627
"9300",2015-06-15 10:31:04.408,0.031326294,9.689346,-2.9450684
"9301",2015-06-15 10:31:04.428,0.91563416,9.71315,-2.3237915
"9302",2015-06-15 10:31:04.448,0.46455383,9.423935,-2.2773743
"9303",2015-06-15 10:31:04.469,0.35029602,9.26564,-1.8822327
"9304",2015-06-15 10:31:04.487,1.1655731,9.225174,-1.3787842
"9305",2015-06-15 10:31:04.507,2.0594025,9.156143,-1.3514099
"9306",2015-06-15 10:31:04.528,2.4450226,8.664597,-1.2038269
"9307",2015-06-15 10:31:04.548,1.8463593,8.551529,-1.3597412
"9308",2015-06-15 10:31:04.568,1.0774994,8.4717865,-1.4597168
"9309",2015-06-15 10:31:04.588,0.68473816,8.214706,-1.5180359
"9310",2015-06-15 10:31:04.607,0.484787,8.295639,-1.6691895
"9311",2015-06-15 10:31:04.627,0.9703827,8.489639,-1.3549805
"9312",2015-06-15 10:31:04.647,0.8370819,8.891922,-0.6111145
"9313",2015-06-15 10:31:04.667,0.88468933,9.108536,-0.48376465
"9314",2015-06-15 10:31:04.687,0.7537689,8.317062,-0.8015442
"9315",2015-06-15 10:31:04.706,0.70140076,7.8231354,-0.77178955
"9316",2015-06-15 10:31:04.726,1.3619537,8.62413,0.2696228
"9317",2015-06-15 10:31:04.746,0.5990448,10.834305,-0.65753174
"9318",2015-06-15 10:31:04.766,-0.39356995,11.76265,-0.4956665
"9319",2015-06-15 10:31:04.786,-1.0517426,10.896194,-0.91937256
"9320",2015-06-15 10:31:04.805,0.5573883,9.801224,0.8885193
"9321",2015-06-15 10:31:04.825,2.2724457,10.852158,-0.35879517
"9322",2015-06-15 10:31:04.845,-0.55900574,12.848099,-2.7427368
"9323",2015-06-15 10:31:04.865,-1.0898285,14.964249,-4.6958313
"9324",2015-06-15 10:31:04.884,0.6335602,11.494858,-6.7096252
"9325",2015-06-15 10:31:04.904,1.3500519,9.1132965,-5.3182983
"9326",2015-06-15 10:31:04.924,1.3214874,10.604599,-5.464691
"9327",2015-06-15 10:31:04.944,2.0713043,12.266098,-4.4851685
"9328",2015-06-15 10:31:04.963,1.0584564,12.558884,-3.777008
"9329",2015-06-15 10:31:04.983,-1.2766876,10.2285,-3.7734375
"9330",2015-06-15 10:31:05.003,-2.4037933,9.357285,-3.7853394
"9331",2015-06-15 10:31:05.023,-2.221695,9.32872,-3.071228
"9332",2015-06-15 10:31:05.042,-1.4218903,9.45845,-2.8284302
"9333",2015-06-15 10:31:05.062,-1.1588593,8.987137,-2.3999634
"9334",2015-06-15 10:31:05.082,-0.5959015,8.862167,-2.230957
"9335",2015-06-15 10:31:05.102,-0.76490784,8.4206085,-1.9905396
"9336",2015-06-15 10:31:05.122,-0.8827362,8.228989,-2.1166992
"9337",2015-06-15 10:31:05.141,-0.8410797,8.190903,-1.9441223
"9338",2015-06-15 10:31:05.161,-0.8577423,8.351578,-1.6739502
"9339",2015-06-15 10:31:05.181,-0.9553375,8.618179,-1.5906372
"9340",2015-06-15 10:31:05.201,-1.002945,8.888351,-1.4966125
"9341",2015-06-15 10:31:05.221,-0.4792633,9.082352,-1.7203674
"9342",2015-06-15 10:31:05.242,0.05632019,9.175186,-1.8465271
"9343",2015-06-15 10:31:05.260,0.3443451,9.089493,-1.973877
"9344",2015-06-15 10:31:05.280,-0.07698059,9.043076,-2.4380493
"9345",2015-06-15 10:31:05.301,-0.45069885,9.129959,-2.7201233
"9346",2015-06-15 10:31:05.321,-0.41261292,9.2608795,-2.9831543
"9347",2015-06-15 10:31:05.341,-0.31263733,9.104965,-2.6451416
"9348",2015-06-15 10:31:05.359,-0.48402405,9.090683,-1.3633118
"9349",2015-06-15 10:31:05.380,-0.83631897,9.5239105,-0.5873108
"9350",2015-06-15 10:31:05.400,-1.1207733,9.888107,-0.38974
"9351",2015-06-15 10:31:05.420,-1.1886139,10.027359,-0.44210815
"9352",2015-06-15 10:31:05.440,-1.0517426,10.1011505,-0.7670288
"9353",2015-06-15 10:31:05.460,0.10630798,10.852158,-1.833435
"9354",2015-06-15 10:31:05.480,1.7416229,11.881668,-3.4568481
"9355",2015-06-15 10:31:05.499,4.346939,12.8207245,-5.6717834
"9356",2015-06-15 10:31:05.519,3.6970978,11.565079,-5.0290833
"9357",2015-06-15 10:31:05.539,0.25627136,9.157333,-3.096222
"9358",2015-06-15 10:31:05.559,-1.657547,8.732437,-2.0036316
"9359",2015-06-15 10:31:05.578,-1.9753265,9.108536,-1.6549072
"9360",2015-06-15 10:31:05.598,-1.0065155,9.188278,-1.9726868
"9361",2015-06-15 10:31:05.618,1.0441742,8.550339,-1.8679504
"9362",2015-06-15 10:31:05.638,2.3997955,8.381332,-2.1131287
"9363",2015-06-15 10:31:05.657,2.594986,8.864548,-1.9655457
"9364",2015-06-15 10:31:05.677,2.1082,9.7738495,-1.9310303
"9365",2015-06-15 10:31:05.697,1.4238434,10.220169,-1.7989197
"9366",2015-06-15 10:31:05.717,1.3821869,10.041641,-1.4323425
"9367",2015-06-15 10:31:05.736,1.2191315,9.90834,-1.3216553
"9368",2015-06-15 10:31:05.756,1.5059662,9.957138,-1.3430786
"9369",2015-06-15 10:31:05.776,1.2441254,9.845261,-1.0669556
"9370",2015-06-15 10:31:05.796,0.7299652,9.112106,-0.6837158
"9371",2015-06-15 10:31:05.816,1.4143219,8.862167,-0.70513916
"9372",2015-06-15 10:31:05.835,1.158432,8.994278,-0.75512695
"9373",2015-06-15 10:31:05.855,1.3072052,9.00737,-0.86105347
"9374",2015-06-15 10:31:05.875,1.4297943,9.112106,-0.97055054
"9375",2015-06-15 10:31:05.895,1.3083954,9.347763,-1.0800476
"9376",2015-06-15 10:31:05.915,1.1679535,9.45369,-1.0550537
"9377",2015-06-15 10:31:05.934,1.1310577,9.476303,-0.7098999
"9378",2015-06-15 10:31:05.954,1.3143463,9.809555,-0.80392456
"9379",2015-06-15 10:31:05.974,1.254837,9.90834,-1.0038757
"9380",2015-06-15 10:31:05.994,1.5357208,9.71434,-0.96936035
"9381",2015-06-15 10:31:06.015,1.8594513,9.683395,-1.0026855
"9382",2015-06-15 10:31:06.035,2.0677338,9.808365,-0.87176514
"9383",2015-06-15 10:31:06.053,1.9844208,10.076157,-0.85391235
"9384",2015-06-15 10:31:06.073,1.8154144,10.246353,-0.88009644
"9385",2015-06-15 10:31:06.094,1.8166046,10.365372,-0.8753357
"9386",2015-06-15 10:31:06.114,1.754715,10.395126,-0.8681946
"9387",2015-06-15 10:31:06.134,1.7749481,10.67363,-0.9419861
"9388",2015-06-15 10:31:06.153,1.6797333,10.806931,-1.1562195
"9389",2015-06-15 10:31:06.173,1.5273895,10.880722,-1.1800232
"9390",2015-06-15 10:31:06.193,1.5845184,10.73671,-1.1776428
"9391",2015-06-15 10:31:06.213,2.0451202,10.384415,-1.0455322
"9392",2015-06-15 10:31:06.233,2.4426422,9.845261,-0.7420349
"9393",2015-06-15 10:31:06.253,2.1950836,9.534622,-0.78726196
"9394",2015-06-15 10:31:06.273,1.9629974,9.273972,-0.94436646
"9395",2015-06-15 10:31:06.292,1.8761139,9.195419,-0.9884033
"9396",2015-06-15 10:31:06.312,1.8273163,9.373947,-1.0621948
"9397",2015-06-15 10:31:06.332,1.690445,9.450119,-1.0431519
"9398",2015-06-15 10:31:06.351,1.588089,9.435837,-1.3787842
"9399",2015-06-15 10:31:06.371,1.459549,9.388229,-1.6346741
"9400",2015-06-15 10:31:06.391,1.4845428,9.348953,-1.73703
"9401",2015-06-15 10:31:06.411,1.1977081,9.439407,-1.653717
"9402",2015-06-15 10:31:06.430,0.7549591,9.45845,-1.3859253
"9403",2015-06-15 10:31:06.450,0.32887268,9.375137,-1.3573608
"9404",2015-06-15 10:31:06.470,-0.8851166,9.5858,-1.6703796
"9405",2015-06-15 10:31:06.490,-1.6777802,10.066635,-1.8370056
"9406",2015-06-15 10:31:06.509,-1.2505035,10.889053,-1.6894226
"9407",2015-06-15 10:31:06.529,-0.14720154,11.473434,-1.4513855
"9408",2015-06-15 10:31:06.549,0.45622253,11.964981,-1.7525024
"9409",2015-06-15 10:31:06.569,0.6549835,11.565079,-2.255951
"9410",2015-06-15 10:31:06.589,-0.043655396,10.462967,-1.9381714
"9411",2015-06-15 10:31:06.608,-0.90296936,9.864304,-1.7477417
"9412",2015-06-15 10:31:06.628,-1.2397919,9.465591,-1.589447
"9413",2015-06-15 10:31:06.648,-1.0457916,9.307297,-1.428772
"9414",2015-06-15 10:31:06.668,-1.1981354,9.365616,-1.0883789
"9415",2015-06-15 10:31:06.688,-0.92796326,9.308487,-0.88009644
"9416",2015-06-15 10:31:06.709,-0.6030426,9.131149,-0.7944031
"9417",2015-06-15 10:31:06.727,-0.53401184,8.835983,-1.0169678
"9418",2015-06-15 10:31:06.747,-0.37928772,8.663406,-0.9074707
"9419",2015-06-15 10:31:06.767,-0.41618347,8.810989,-1.3430786
"9420",2015-06-15 10:31:06.788,-0.4792633,9.107346,-1.1109924
"9421",2015-06-15 10:31:06.808,-0.72206116,9.71196,-0.72299194
"9422",2015-06-15 10:31:06.828,-1.0362701,10.088058,-0.38735962
"9423",2015-06-15 10:31:06.846,-0.22694397,11.478195,-1.1514587
"9424",2015-06-15 10:31:06.867,1.3321991,12.293472,-2.2202454
"9425",2015-06-15 10:31:06.887,2.0534515,11.25087,-2.3178406
"9426",2015-06-15 10:31:06.907,1.2917328,9.782181,-1.5537415
"9427",2015-06-15 10:31:06.927,1.4678802,9.766708,-2.2488098
"9428",2015-06-15 10:31:06.946,2.4045563,9.620316,-2.5285034
"9429",2015-06-15 10:31:06.966,2.1558075,8.955002,-2.4213867
"9430",2015-06-15 10:31:06.986,0.95610046,8.399185,-2.2619019
"9431",2015-06-15 10:31:07.006,0.7061615,8.177811,-2.083374
"9432",2015-06-15 10:31:07.026,1.4904938,8.697922,-1.7917786
"9433",2015-06-15 10:31:07.046,2.6473541,9.909531,-1.6977539
"9434",2015-06-15 10:31:07.065,2.7639923,10.403458,-1.7525024
"9435",2015-06-15 10:31:07.085,2.2188873,10.192795,-1.691803
"9436",2015-06-15 10:31:07.105,1.703537,9.764328,-1.4989929
"9437",2015-06-15 10:31:07.125,1.5416718,9.564377,-1.3466492
"9438",2015-06-15 10:31:07.144,1.6273651,9.26445,-1.307373
"9439",2015-06-15 10:31:07.164,1.7451935,9.052597,-1.2788086
"9440",2015-06-15 10:31:07.184,1.9510956,9.121628,-1.3192749
"9441",2015-06-15 10:31:07.203,2.2403107,9.45607,-1.1240845
"9442",2015-06-15 10:31:07.223,2.4426422,9.964279,-1.1347961
"9443",2015-06-15 10:31:07.243,2.4640656,10.109482,-1.4763794
"9444",2015-06-15 10:31:07.263,2.3748016,10.019028,-1.5787354
"9445",2015-06-15 10:31:07.282,2.2260284,9.925003,-1.4561462
"9446",2015-06-15 10:31:07.302,1.9891815,9.852402,-1.3799744
"9447",2015-06-15 10:31:07.322,1.780899,9.785751,-1.3478394
"9448",2015-06-15 10:31:07.342,1.78685,9.627457,-1.2502441
"9449",2015-06-15 10:31:07.362,1.9653778,9.641739,-1.216919
"9450",2015-06-15 10:31:07.381,2.23555,9.6905365,-1.1776428
"9451",2015-06-15 10:31:07.401,2.4105072,9.720291,-1.1514587
"9452",2015-06-15 10:31:07.421,2.4973907,9.750046,-1.2954712
"9453",2015-06-15 10:31:07.441,2.441452,9.71434,-1.5942078
"9454",2015-06-15 10:31:07.461,2.1891327,9.490585,-1.6620483
"9455",2015-06-15 10:31:07.482,1.8177948,9.340622,-1.4644775
"9456",2015-06-15 10:31:07.500,1.5297699,9.348953,-1.1098022
"9457",2015-06-15 10:31:07.520,1.434555,9.439407,-0.9336548
"9458",2015-06-15 10:31:07.540,1.665451,9.5108185,-0.7194214
"9459",2015-06-15 10:31:07.561,1.9951324,9.659592,-0.4290161
"9460",2015-06-15 10:31:07.581,2.287918,9.770279,-0.33380127
"9461",2015-06-15 10:31:07.599,2.498581,9.677444,-0.34094238
"9462",2015-06-15 10:31:07.619,2.4450226,9.472733,-0.28738403
"9463",2015-06-15 10:31:07.640,2.2902985,9.295395,-0.10409546
"9464",2015-06-15 10:31:07.660,1.190567,9.833359,-1.67276
"9465",2015-06-15 10:31:07.680,-0.207901,10.61174,-1.0514832
"9466",2015-06-15 10:31:07.700,-0.32096863,11.044968,-2.5368347
"9467",2015-06-15 10:31:07.719,-1.7682343,12.258957,-2.583252
"9468",2015-06-15 10:31:07.739,-0.3888092,10.830734,-2.2738037
"9469",2015-06-15 10:31:07.759,2.0213165,9.364426,-1.47995
"9470",2015-06-15 10:31:07.779,4.7658844,9.752426,-1.7025146
"9471",2015-06-15 10:31:07.799,4.915848,10.570084,-2.1369324
"9472",2015-06-15 10:31:07.818,2.6045074,10.492722,-2.4689941
"9473",2015-06-15 10:31:07.838,0.17176819,10.311813,-2.5046997
"9474",2015-06-15 10:31:07.858,-0.8732147,10.008316,-3.0057678
"9475",2015-06-15 10:31:07.878,-0.9017792,9.256119,-3.231903
"9476",2015-06-15 10:31:07.898,-0.4138031,8.607468,-3.160492
"9477",2015-06-15 10:31:07.917,-0.32572937,8.676498,-3.0271912
"9478",2015-06-15 10:31:07.937,-0.35905457,9.588181,-3.1474
"9479",2015-06-15 10:31:07.957,-0.4792633,10.253494,-3.1009827
"9480",2015-06-15 10:31:07.976,-0.7994232,9.974991,-2.9855347
"9481",2015-06-15 10:31:07.996,-0.6589813,9.490585,-2.7939148
"9482",2015-06-15 10:31:08.016,-0.41142273,9.2608795,-2.5332642
"9483",2015-06-15 10:31:08.036,0.44789124,9.175186,-2.308319
"9484",2015-06-15 10:31:08.055,-0.9267731,9.363235,-2.2131042
"9485",2015-06-15 10:31:08.075,-0.5613861,9.259689,-2.1012268
"9486",2015-06-15 10:31:08.095,-0.4221344,8.883591,-2.0619507
"9487",2015-06-15 10:31:08.115,-0.2328949,8.976425,-2.1643066
"9488",2015-06-15 10:31:08.135,0.007522583,9.2799225,-2.230957
"9489",2015-06-15 10:31:08.154,-0.043655396,9.527481,-2.4832764
"9490",2015-06-15 10:31:08.174,-0.24360657,9.721481,-2.4392395
"9491",2015-06-15 10:31:08.194,-0.48283386,9.825027,-2.3285522
"9492",2015-06-15 10:31:08.214,-0.63993835,9.872635,-2.1488342
"9493",2015-06-15 10:31:08.234,-0.7161102,9.766708,-1.7798767
"9494",2015-06-15 10:31:08.255,-0.90415955,9.801224,-1.5870667
"9495",2015-06-15 10:31:08.275,-0.86369324,9.850021,-1.5311279
"9496",2015-06-15 10:31:08.293,-0.59114075,9.579849,-1.441864
"9497",2015-06-15 10:31:08.313,-0.766098,9.253738,-1.1288452
"9498",2015-06-15 10:31:08.334,-1.0469818,9.556046,-1.2395325
"9499",2015-06-15 10:31:08.354,-0.8827362,9.559616,-1.2002563
"9500",2015-06-15 10:31:08.374,-0.5804291,9.560806,-1.1526489
"9501",2015-06-15 10:31:08.392,-0.6863556,9.220413,-0.97769165
"9502",2015-06-15 10:31:08.413,-0.7363434,9.028793,-0.7098999
"9503",2015-06-15 10:31:08.433,-0.70777893,9.371567,-0.5361328
"9504",2015-06-15 10:31:08.453,-0.78038025,9.544144,-0.20288086
"9505",2015-06-15 10:31:08.473,-0.89582825,9.71196,-0.22073364
"9506",2015-06-15 10:31:08.493,-0.4875946,11.017593,-1.8120117
"9507",2015-06-15 10:31:08.512,0.6752167,12.010208,-2.9545898
"9508",2015-06-15 10:31:08.532,1.1501007,11.199692,-2.8224792
"9509",2015-06-15 10:31:08.552,1.4048004,11.51033,-3.3104553
"9510",2015-06-15 10:31:08.572,-0.075790405,11.141373,-3.001007
"9511",2015-06-15 10:31:08.592,-2.1157684,10.09758,-2.211914
"9512",2015-06-15 10:31:08.611,-2.529953,9.765518,-2.0607605
"9513",2015-06-15 10:31:08.631,-1.5516205,9.661972,-2.102417
"9514",2015-06-15 10:31:08.651,-0.015090942,9.352524,-2.3737793
"9515",2015-06-15 10:31:08.671,1.2667389,9.046646,-2.6046753
"9516",2015-06-15 10:31:08.690,1.9177704,9.045456,-2.6725159
"9517",2015-06-15 10:31:08.710,2.2022247,9.116867,-2.789154
"9518",2015-06-15 10:31:08.730,1.813034,9.220413,-2.6844177
"9519",2015-06-15 10:31:08.750,1.4500275,9.382278,-2.7617798
"9520",2015-06-15 10:31:08.769,1.3821869,9.6905365,-2.8748474
"9521",2015-06-15 10:31:08.789,1.5642853,9.983322,-2.9891052
"9522",2015-06-15 10:31:08.809,1.6107025,9.910721,-2.961731
"9523",2015-06-15 10:31:08.828,1.832077,9.477493,-2.6748962
"9524",2015-06-15 10:31:08.848,1.8677826,9.065689,-2.4594727
"9525",2015-06-15 10:31:08.868,1.748764,8.968094,-2.2321472
"9526",2015-06-15 10:31:08.888,1.4738312,9.115677,-2.0679016
"9527",2015-06-15 10:31:08.908,1.1929474,9.190659,-2.006012
"9528",2015-06-15 10:31:08.928,1.023941,9.13829,-2.1226501
"9529",2015-06-15 10:31:08.947,0.95729065,9.000229,-2.2261963
"9530",2015-06-15 10:31:08.967,0.978714,9.125198,-2.2285767
"9531",2015-06-15 10:31:08.987,1.2798309,9.508438,-2.3928223
"9532",2015-06-15 10:31:09.007,1.3024445,9.701248,-2.5737305
"9533",2015-06-15 10:31:09.028,1.2238922,9.822647,-2.4190063
"9534",2015-06-15 10:31:09.046,0.8715973,9.864304,-2.4797058
"9535",2015-06-15 10:31:09.066,0.9096832,9.794083,-2.3880615
"9536",2015-06-15 10:31:09.086,1.0822601,9.679825,-2.403534
"9537",2015-06-15 10:31:09.107,1.3000641,9.541763,-2.242859
"9538",2015-06-15 10:31:09.127,1.4131317,9.494156,-2.1524048
"9539",2015-06-15 10:31:09.147,1.27388,9.6072235,-2.327362
"9540",2015-06-15 10:31:09.167,1.306015,9.3763275,-2.384491
"9541",2015-06-15 10:31:09.186,1.2334137,9.253738,-2.3249817
"9542",2015-06-15 10:31:09.206,1.2512665,9.288254,-2.236908
"9543",2015-06-15 10:31:09.226,1.2060394,9.45369,-2.141693
"9544",2015-06-15 10:31:09.246,1.2619781,9.683395,-1.8370056
"9545",2015-06-15 10:31:09.266,0.9941864,9.808365,-2.2095337
"9546",2015-06-15 10:31:09.286,0.7144928,9.84169,-2.2654724
"9547",2015-06-15 10:31:09.305,0.6573639,9.596512,-2.127411
"9548",2015-06-15 10:31:09.325,1.107254,9.615555,-1.8798523
"9549",2015-06-15 10:31:09.345,1.3321991,9.753616,-1.8024902
"9550",2015-06-15 10:31:09.365,1.1810455,9.784561,-1.7489319
"9551",2015-06-15 10:31:09.384,1.4869232,9.740524,-1.7489319
"9552",2015-06-15 10:31:09.404,1.0774994,9.826218,-1.8536682
"9553",2015-06-15 10:31:09.424,0.9120636,9.736954,-1.903656
"9554",2015-06-15 10:31:09.444,0.7894745,9.613174,-1.9393616
"9555",2015-06-15 10:31:09.463,0.79304504,9.603653,-1.8762817
"9556",2015-06-15 10:31:09.483,0.85969543,9.667923,-1.8988953
"9557",2015-06-15 10:31:09.503,0.959671,9.703629,-1.8608093
"9558",2015-06-15 10:31:09.523,0.8870697,9.71077,-1.8929443
"9559",2015-06-15 10:31:09.542,0.84303284,9.6905365,-2.000061
"9560",2015-06-15 10:31:09.562,0.8454132,9.638168,-1.8489075
"9561",2015-06-15 10:31:09.582,0.81565857,9.588181,-1.8167725
"9562",2015-06-15 10:31:09.602,0.779953,9.597702,-1.5858765
"9563",2015-06-15 10:31:09.621,0.65260315,9.660782,-1.6096802
"9564",2015-06-15 10:31:09.641,0.7323456,9.670303,-1.4751892
"9565",2015-06-15 10:31:09.661,0.70259094,9.748856,-1.5596924
"9566",2015-06-15 10:31:09.681,0.7406769,9.71553,-1.460907
"9567",2015-06-15 10:31:09.701,0.7311554,9.709579,-1.5239868
"9568",2015-06-15 10:31:09.721,0.7740021,9.666733,-1.4121094
"9569",2015-06-15 10:31:09.740,0.73472595,9.673874,-1.3978271
"9570",2015-06-15 10:31:09.760,0.6894989,9.707199,-1.3157043
"9571",2015-06-15 10:31:09.780,0.5919037,9.7738495,-1.3740234
"9572",2015-06-15 10:31:09.801,0.63713074,9.71196,-1.422821
"9573",2015-06-15 10:31:09.821,0.64308167,9.679825,-1.3418884
"9574",2015-06-15 10:31:09.841,0.7049713,9.745285,-1.2276306
"9575",2015-06-15 10:31:09.859,0.7061615,9.7738495,-1.281189
"9576",2015-06-15 10:31:09.880,0.82518005,9.7798,-1.2454834
"9577",2015-06-15 10:31:09.900,0.8644562,9.7738495,-1.1764526
"9578",2015-06-15 10:31:09.920,0.7906647,9.836929,-1.197876
"9579",2015-06-15 10:31:09.940,0.7573395,9.790512,-1.1288452
"9580",2015-06-15 10:31:09.960,0.77638245,9.770279,-1.0288696
"9581",2015-06-15 10:31:09.979,0.73472595,9.791702,-0.9146118
"9582",2015-06-15 10:31:09.999,0.6478424,9.847641,-0.97650146
